UUID;QUOTE_TRANSCRIPTION;ANCHOR;TYPE;URI;VOCAB_LABEL;LAT;LNG;PLACE_TYPE;VERIFICATION_STATUS;TAGS;COMMENTS
b10c52b3-6842-4c4c-805c-5e907c54454f;﻿Ἀγαθημέρου;char-offset:0;PERSON;;;;;;;author;
69fa5390-8a76-4266-916b-4ec2496ade2e;Ἀναξίμανδρος;char-offset:47;PERSON;;;;;;;;
5ec73bd5-ab01-4cd4-960c-9e5437e79f65;Μιλήσιος;char-offset:62;PLACE;http://pleiades.stoa.org/places/550742;Miletos?|Miletos?, Uyuncak Köprü, over Havran Çay;39.528399;26.974176;settlement;VERIFIED;;#documentation: when possible, i am choosing only one place reference and ignoring unlocated references.
783252ea-d659-4d64-9ca2-797fbbf9dca4;Θάλεω;char-offset:80;PERSON;;;;;;;;
a4feb9bd-e741-4cef-89db-8708ce8814b2;οἰκουμένην;char-offset:108;PLACE;;;;;;UNVERIFIED;concept;
f742a2fc-1cde-477c-848e-2c8f280b1fc5;Ἑκαταῖος;char-offset:145;PERSON;;;;;;;;
94fa613a-727a-4a54-b11f-5fdff31e53cb;Μιλήσιος;char-offset:156;PLACE;http://pleiades.stoa.org/places/550742;Miletos?|Miletos?, Uyuncak Köprü, over Havran Çay;39.528399;26.974176;settlement;VERIFIED;;
4bf2690a-c247-40f0-971b-4da37b433712;Ἑλλάνικος;char-offset:221;PERSON;;;;;;;;
9ab9a185-c4f5-45ae-b5d0-aec3f0d0a247;Λέσβιος;char-offset:237;PLACE;http://pleiades.stoa.org/places/550696;Lesbos (island)|Lesbos Ins., Lesbos;39.20874;26.10052;island;VERIFIED;;
d29cfd3f-956d-4e47-99f2-66f3cf037686;Δαμάστης;char-offset:297;PERSON;;;;;;;;
0e8b60c1-7d0d-43fe-a7c6-25eee2511969;Κιτιεὺς;char-offset:308;PLACE;http://pleiades.stoa.org/places/123082;Citium;;;unlocated;VERIFIED;;
acfe3823-ff3b-4cbe-bd4d-a92c2e80312d;Ἑκαταίου;char-offset:334;PERSON;;;;;;;;
679527c7-ff5a-497b-9d4d-c1d788607ed1;Δημόκριτος;char-offset:378;PERSON;;;;;;;;
6c50760d-c649-45fb-b890-3e71109099b7;Εὔδοξος;char-offset:393;PERSON;;;;;;;;
c90fd72c-d935-4c89-ad9f-ce512ddb105f;οἰκουμένην;char-offset:487;PLACE;;;;;;UNVERIFIED;concept;#documentation: concept indicates a geographical entity with no specific location
9d3a23a8-e7bf-497a-83ee-3f80092f6f6c;Ἑλλάδα;char-offset:540;PLACE;http://pleiades.stoa.org/places/1001896;Hellas;37.5;22.5;province;VERIFIED;region;#documentation: region marks any spatial extent on land.
93ea4f83-2b1b-46e8-90a7-cc62d81db3f1;Δελφούς;char-offset:558;PLACE;http://pleiades.stoa.org/places/540726;Delphi|Delphi, Delphi;38.482289;22.501169;sanctuary,settlement;VERIFIED;settlement;#documentation: we need to decide what to do with multiple gazetteer references. for the sake of consistency, I am preferring Pleiades over other gazetteers, but multiple choices tend to affect the annotation export format.
e2c2ac3c-eac1-4abd-9d93-3982c623630c;Δημόκριτος;char-offset:608;PERSON;;;;;;;;
c83744fd-0fda-4205-96f9-24fbe59d6d08;Δικαίαρχος ὁ περιπατητικός;char-offset:725;PERSON;;;;;;;;#documentation: i am tagging as education references to the philosophical, religious school of individuals expressed in the form of adjectives.
e0fa3c05-8e12-4189-aaee-39f49e1addd2;Δικαίαρχος;char-offset:725;PERSON;;;;;;;;
8200e58a-4a7d-4dc9-a1df-4c91c7498726;Εὔδοξος;char-offset:753;PERSON;;;;;;;;
ac31d51a-a03c-4807-bd57-a4133f751393;Ἐρατοσθένης;char-offset:799;PERSON;;;;;;;;
4f7de26a-2365-4274-943f-1d3579b20118;Κράτης;char-offset:830;PERSON;;;;;;;;
6e02cd23-0680-4301-a5d1-f1d0b86b4afe;Ἵππαρχος;char-offset:855;PERSON;;;;;;;;
e776f8a8-aca8-4f14-964f-670be55fd52f;Ποσειδώνιος;char-offset:899;PERSON;;;;;;;;
a9344e0d-041f-4495-982a-c7d44f67c18a;Ποσειδώνιος δ’ ὁ Στωϊκὸς;char-offset:899;PERSON;;;;;;;;
f0167a73-bc80-4c6a-868d-203f6c159263;Ἰνδικήν;char-offset:1046;PLACE;http://pleiades.stoa.org/places/50004;India;22.5;77.5;region;VERIFIED;region;
c369adad-c008-4cb8-9387-1341c139a1b8;Ὅροι;char-offset:1057;PLACE;;;;;;UNVERIFIED;concept;
5c2b8c42-8d0a-4e9a-8dc5-0c6dcff5b2a7;ἠπείρων;char-offset:1062;PLACE;;;;;;UNVERIFIED;concept|continent;
81f335e8-5831-4f57-9373-5e3f0f2d3c1f;Εὐρώπης;char-offset:1071;PLACE;http://pleiades.stoa.org/places/536074;Europe;;;unlocated;VERIFIED;concept|continent;#documentation: despite the fact that Europe, Asia and Libya are more geographical concepts than entities, I am georeferencing them with preference to locations that are identified as polygons, just to give a sense of spatial extension. this coud then be redesigned in modelling processes by identifying the boundaries as they appear in the sources.
84fb5a8d-689f-4de5-96b2-ca270578f48f;Λιβύης;char-offset:1087;PLACE;http://pleiades.stoa.org/places/716588;Libya;31.5;26.5;region;VERIFIED;concept|continent;
0db618dc-233a-44d7-9f97-aefb50012827;Ἡρακλέους στῆλαι;char-offset:1097;PLACE;http://pleiades.stoa.org/places/275614;Columnae Herculis;35.9358335;-5.384583;cape;VERIFIED;;
7ed84aa7-37d4-4043-93ae-c30a5d522827;Ἡρακλέους;char-offset:1097;PERSON;;;;;;;;
6a37988a-f95d-476b-9425-ce9e57d0b7ae;Λιβύης;char-offset:1115;PLACE;http://pleiades.stoa.org/places/716588;Libya;31.5;26.5;region;VERIFIED;concept|continent;
38ecc735-0483-4000-8102-0d945e245b86;Ἀσίας;char-offset:1129;PLACE;http://pleiades.stoa.org/places/981509;Asia;37.5;27.5;province;VERIFIED;concept|continent;
c84d453b-e94b-40db-b784-95049d39d9de;Νεῖλος;char-offset:1137;PLACE;http://pleiades.stoa.org/places/727172;Nilus (river);19.211408766666665;30.567329633333333;river;VERIFIED;natural feature|water mass|river;
8337c20b-55e9-48eb-bf26-47fca89227a3;ἰσθμὸν τὸν ἀπὸ Σερβωνίδος λίμνης;char-offset:1151;PLACE;;;;;;UNVERIFIED;natural feature|isthmus;identification by relative location.
07ea33cf-6098-403f-9618-692167aee664;Σερβωνίδος;char-offset:1166;PLACE;http://pleiades.stoa.org/places/688025;Serbonitis L.;31.25;33.25;lake;VERIFIED;natural feature|water mass|lake;#documentation: when in presence of a placename + category, i am georeferencing the placename only, unless it is a case when the category is necessary for the identification of the name as a place.|#documentation: when assigning categories to placenames explicitly referenced in a way, I am using that category despite of modern classifications.
42d95d73-1bff-476d-bed2-c5d8127686a3;Σερβωνίδος λίμνης;char-offset:1166;;;;;;;;;testing...
7f9524ba-1fd8-430b-bb7b-d6f9a14b4af8;Ἀραβίου
κόλπου;char-offset:1188;PLACE;http://pleiades.stoa.org/places/39290;Arabicus Sinus/Erythr(ae)um/Rubrum Mare;19.0;39.5;water-open;VERIFIED;natural feature|water mass|gulf;
9a1bb341-1331-4695-94f2-650ed919faf7;Ἀσίας;char-offset:1204;PLACE;http://pleiades.stoa.org/places/981509;Asia;37.5;27.5;province;VERIFIED;concept|continent;
b2052cd0-bbad-4881-8c1e-b85423f7835a;Εὐρώπης;char-offset:1217;PLACE;http://pleiades.stoa.org/places/536074;Europe;;;unlocated;VERIFIED;concept|continent;
846fb223-c38e-41ce-abe1-b986844a677f;Φᾶσιν ποταμὸν;char-offset:1240;;;;;;;;;testing again...
3d2dfad5-0d66-448f-a6f9-1ac53c9938d4;Φᾶσιν;char-offset:1240;PLACE;http://pleiades.stoa.org/places/874645;Phasis fl.;39.5;41.5;river;VERIFIED;natural feature|water mass|river;
091a4459-6922-40f5-a28e-d41244af3bc7;τὸν
ἕως Κασπίας ἰσθμόν;char-offset:1258;PLACE;;;;;;UNVERIFIED;natural feature|isthmus;
f39ce831-1c0e-47f9-80da-8d643c4c1e35;Κασπίας;char-offset:1266;PLACE;http://pleiades.stoa.org/places/884130;Caspium/Hyrcanium Mare;42.6759567125;49.98680535;lake,water-open;VERIFIED;natural feature|water mass|sea;
0a71971c-cb7f-4665-8fec-d7ef1437f4f2;Μαιῶτιν;char-offset:1305;PLACE;http://pleiades.stoa.org/places/825318;Maeotis;45.814417000000006;35.862586;water-open;VERIFIED;natural feature|water mass|lake;
729353ab-30d8-43d1-8616-b08ddc5f2a02;Μαιῶτιν λίμνην;char-offset:1305;PLACE;;;;;;UNVERIFIED;;
a42cf41b-48c3-4bde-8a14-7d90ae57f87c;Τάναϊν;char-offset:1324;PLACE;http://pleiades.stoa.org/places/59844;Iaxartes/Silis/Tanais fl.;45.7077742;63.5889496;river;VERIFIED;natural feature|water mass|river;
ea1cded9-e22c-4917-bb67-c9aba4209e75;Τάναϊν ποταμόν;char-offset:1324;PLACE;;;;;;UNVERIFIED;;
af70f374-5fa9-4a4c-a0e7-35c48f937df3;ἤπειροι;char-offset:1355;PLACE;;;;;;UNVERIFIED;concept|continent;Category referred to the following toponyms
5057d585-2910-4cd2-be6f-a7bafb64bee9;Ἀσία;char-offset:1396;PLACE;http://pleiades.stoa.org/places/981509;Asia;37.5;27.5;province;VERIFIED;concept|continent;
d5c194d0-8321-4038-b99e-35580101e160;Εὐρώπης;char-offset:1433;PLACE;http://pleiades.stoa.org/places/536074;Europe;;;unlocated;VERIFIED;concept|continent;
873697bd-d61e-4175-97e1-b086e5ae4af4;Εὔβοια;char-offset:1489;PLACE;http://pleiades.stoa.org/places/540775;Euboea (island)|Euboea Ins., Euboia;38.53;23.87;island;VERIFIED;natural feature|island;
b6822c01-47dd-4711-bf3a-e90b2f7e19e8;Ἄνδρος;char-offset:1496;PLACE;http://pleiades.stoa.org/places/589693;Andros (island)|Andros Ins., Andros;37.8528;24.86222;island;VERIFIED;natural feature|island;
033f4ef8-16d4-4f19-86cd-90b74d6dbe65;Τῆνος;char-offset:1503;PLACE;http://pleiades.stoa.org/places/590074;Tenos (island)|Exomvourgo|Tenos Ins., Tinos;37.577564;25.167742;island;VERIFIED;natural feature|island;
2c5a83b5-0716-44e2-a829-08f4a955b7f9;Μύκονος;char-offset:1509;PLACE;http://pleiades.stoa.org/places/599808;Mykonos (island)|Mykonos Ins., Mykonos;37.43281;25.36058;island;VERIFIED;natural feature|island;
fe1a12a8-8cd0-4879-ba47-b7896187f95f;Ἰκαρία;char-offset:1517;PLACE;http://pleiades.stoa.org/places/599667;Ikaros (island);37.6305806;26.0732143;island;VERIFIED;natural feature|island;
648df89b-76fd-4c29-990f-2d3abdea9276;Σάμος;char-offset:1524;PLACE;http://pleiades.stoa.org/places/599926;Samos (island)|Samos Ins., Samos;37.73;26.84;island;VERIFIED;natural feature|island;
72d157b7-f033-4bbe-bcea-fd3f0cc202cb;Μυκάλη;char-offset:1530;PLACE;http://pleiades.stoa.org/places/599805;Mycale M.|Mycale Mons, Samsun Dağ;37.66144;27.12558;mountain;VERIFIED;natural feature|island;
cb7f9c96-858d-4619-960d-a2662699e907;Εὐρώπη;char-offset:1543;PLACE;http://pleiades.stoa.org/places/536074;Europe;;;unlocated;VERIFIED;concept|continent;
ab8507fe-de32-46ce-916a-ff468093dc72;Λιβύη;char-offset:1575;PLACE;http://pleiades.stoa.org/places/716588;Libya;31.5;26.5;region;VERIFIED;concept|continent;
4abbfbf3-0887-4647-b9fc-7f392703856e;Ἑλλήνων;char-offset:1588;PERSON;;;;;;;;
1742aa4c-c88e-4904-bf23-eb9ece61296c;Φοίνικες;char-offset:1637;PLACE;;;;;;NOT_IDENTIFIABLE;;
efcf472e-d4b2-4b84-b770-be266c76e275;ὠκεανὸς;char-offset:1668;PLACE;;;;;;UNVERIFIED;concept|water mass|ocean;
70a1670b-440a-4408-84c8-239628f85745;Δικαίαρχος;char-offset:1716;PERSON;;;;;;;;
3d63d292-8763-46bf-8598-ae7022f88cd7;Στηλῶν;char-offset:1785;PLACE;http://pleiades.stoa.org/places/275614;Columnae Herculis;35.9358335;-5.384583;cape;VERIFIED;;
c1731534-9479-4991-a06d-d160f3a31a1a;Σαρδοῦς;char-offset:1796;PLACE;http://pleiades.stoa.org/places/981548;Sardinia et Corsica;37.5;7.5;province;VERIFIED;natural feature|island;
48807024-cdb1-471c-8d8d-f6468fef8ffe;Σικελίας;char-offset:1804;PLACE;http://pleiades.stoa.org/places/981549;Sicilia (Roman province);37.751645425;14.6747958;province;VERIFIED;natural feature|island;
64593148-a497-4199-8e5e-fb275910f20a;Πελοποννήσου;char-offset:1813;PLACE;http://pleiades.stoa.org/places/570577;Peloponnesus/Peloponnesos/Peloponnese;37.25289777692308;22.312752688461543;peninsula,region;VERIFIED;natural feature;
8fdb4cde-2073-4b3e-b725-8c4424052d73;Ἰωνίας;char-offset:1826;PLACE;http://pleiades.stoa.org/places/550597;Ionia (region);38.258572855555556;27.36601213333333;region;VERIFIED;region;
82792781-c71f-46c3-879f-0387a6e30c4e;Καρίας;char-offset:1833;PLACE;http://pleiades.stoa.org/places/1001916;Karia;37.5;27.5;province;VERIFIED;region;
3919d5dd-471f-4be4-9ae3-51128b4859a3;Λυκίας;char-offset:1840;PLACE;http://pleiades.stoa.org/places/638965;Lycia;36.513688333333334;29.129618500000003;region;VERIFIED;region;
e445913b-2990-40af-b298-fedd51043eba;Παμφυλίας;char-offset:1847;PLACE;http://pleiades.stoa.org/places/639034;Pamphylia;36.990721;30.98638;region;VERIFIED;region;
95b4f238-543e-4ff7-beb1-01b20eea9c76;Κιλικίας;char-offset:1857;PLACE;http://pleiades.stoa.org/places/658440;Cilicia;36.25;33.25;region;VERIFIED;region;
72f00040-28e6-4414-b894-a5b805a8ddb3;Ταύρου;char-offset:1870;PLACE;http://pleiades.stoa.org/places/648792;Taurus M.|Taurus Mons, Demirkazık Dağı, Toros Dağları;37.83546;35.14519;settlement,mountain;VERIFIED;natural feature|mountain;
96e1f446-85f7-4d52-9221-467cdd369b24;Ἰμάου;char-offset:1886;PLACE;http://pleiades.stoa.org/places/59834;Hemodos/Imaus/Caucasus M.;32.5;77.5;mountain;VERIFIED;natural feature|mountain;
a3b949f6-3d2f-4460-a393-e69f77a54ed3;Ἰμάου ὄρους;char-offset:1886;PLACE;;;;;;UNVERIFIED;;
bea9baec-9932-49d8-8922-5cb08baa3b91;Τιμοσθένης;char-offset:2414;PERSON;;;;;;;;
183095ef-c66c-4b49-9c77-517a70fdb559;ἔθνη;char-offset:2699;PLACE;;;;;;UNVERIFIED;concept|ethnos;Place category referred to the following ethnics.
fe545ca5-0e8d-4c5b-bb05-3203d4da94d4;Βακτριανούς;char-offset:2739;PLACE;http://pleiades.stoa.org/places/971705;Bactria;37.5;67.5;region;VERIFIED;ethnos;
ec65ac57-885a-4692-bde2-c3541d066bce;Ἰνδούς;char-offset:2763;PLACE;http://pleiades.stoa.org/places/59849;Indoi;27.5;67.5;people;VERIFIED;ethnos;
d7ff74bd-ef7f-4899-94e4-997e144bec17;Ἐρυθρὰν;char-offset:2784;PLACE;http://pleiades.stoa.org/places/39290;Arabicus Sinus/Erythr(ae)um/Rubrum Mare;19.0;39.5;water-open;VERIFIED;natural feature|water mass|sea;
09395a99-8ea6-4eee-8c31-9ea6f113c34a;Ἐρυθρὰν θάλασσαν;char-offset:2784;PLACE;;;;;;UNVERIFIED;;
780ceb41-5ffe-4e92-8ef4-73ac465aab60;Αἰθιοπίαν;char-offset:2805;PLACE;http://pleiades.stoa.org/places/39274;Aethiopia;14.125005;38.721522;unknown;VERIFIED;region;
23fa857b-52a7-4d21-8b55-162d1195a2c6;τὴν ὑπὲρ Αἴγυπτον
Αἰθιοπίαν;char-offset:2827;PLACE;http://pleiades.stoa.org/places/39274;Aethiopia;14.125005;38.721522;unknown;VERIFIED;region;
e4a2f73c-1e22-432f-96c6-4dba39a6b48b;Αἴγυπτον;char-offset:2836;PLACE;http://pleiades.stoa.org/places/981503;Aegyptus;27.5;27.5;province;VERIFIED;region;
27d27745-016b-426d-b32c-e6042f0a16d7;Αἰθιοπίαν;char-offset:2845;PLACE;;;;;;UNVERIFIED;;
e8824424-8b07-4443-a49f-0f8bc6816cbc;τοὺς ὑπὲρ Σύρτεις Γαράμαντας;char-offset:2872;PLACE;http://pleiades.stoa.org/places/354116;Garamantes;27.5;13.5;people;VERIFIED;ethnos;
95097f5d-cdf6-4a3c-bb41-152f6ac79732;Σύρτεις;char-offset:2882;PLACE;http://pleiades.stoa.org/places/344492;Syrtis Minor;34.0;10.416667;water-open;VERIFIED;natural feature|island;
2b18f9c9-d90e-4881-8e42-773e645cb6aa;Αἰθίοπας δυσμικοὺς ὑπὲρ Μαύρου;char-offset:2912;PLACE;http://pleiades.stoa.org/places/334481;Aethiopia;32.5;3.5;region;VERIFIED;ethnos;
cd95a557-ebfd-4502-9185-8f293b1fc590;Μαύρους;char-offset:2936;PLACE;http://pleiades.stoa.org/places/981533;Mauretania Tingitana (Roman province);33.952871200000004;-3.5569907;province;VERIFIED;ethnos;
0229dde0-acf2-460b-a654-5c9c08afeba4;Στήλας;char-offset:2958;PLACE;http://pleiades.stoa.org/places/275614;Columnae Herculis;35.9358335;-5.384583;cape;VERIFIED;;
4d1fba96-a94b-41a8-95cd-95e13c448bbd;ἀρχὰς Λιβύης;char-offset:2969;PLACE;;;;;;UNVERIFIED;;position.
5d19ecc2-278c-42f2-a3f0-c0dc268d10a8;Λιβύης;char-offset:2975;PLACE;http://pleiades.stoa.org/places/716588;Libya;31.5;26.5;region;VERIFIED;concept|continent;
67247534-46f8-49cc-b636-21f5b98252ce;Εὐρώπης;char-offset:2986;PLACE;http://pleiades.stoa.org/places/536074;Europe;;;unlocated;VERIFIED;concept|continent;
0c57f07b-8a86-40df-9cb3-a39e6d109907;Ἰβηρίαν τὴν νῦν
Ἱσπανίαν;char-offset:3009;PLACE;;;;;;UNVERIFIED;;
7d5bc2e9-00a2-4f87-9c1a-124a2cf59dc1;Ἰβηρίαν;char-offset:3009;PLACE;http://pleiades.stoa.org/places/1027;Hispania;42.5;-7.5;province;VERIFIED;region;
ff9ebbf2-0457-49d7-a496-3a93e3fbec88;Ἱσπανίαν;char-offset:3025;PLACE;http://pleiades.stoa.org/places/1027;Hispania;42.5;-7.5;province;VERIFIED;region;
7aa96ee2-f9c9-4705-b1df-1af30a9ac22f;Κελτοὺς;char-offset:3049;PLACE;http://pleiades.stoa.org/places/993;Gallia;44.730982100000006;3.5988981583333333;region;VERIFIED;ethnos;
d3ab9418-3f58-49d0-bfa4-a8cab9eafd01;τὰ ὅμορα;char-offset:3061;PLACE;;;;;;UNVERIFIED;;
128dde01-d062-4662-93e6-83753ec51d64;τοὺς ὑπὲρ Θράκην Σκύθας;char-offset:3086;PLACE;http://pleiades.stoa.org/places/1273;Scythia;47.5;27.5;region;VERIFIED;ethnos;
ace19ea1-c59d-4e78-834f-fc99b4eec7f1;Θράκην;char-offset:3096;PLACE;http://pleiades.stoa.org/places/992078;Thracia;42.5;22.5;province;VERIFIED;region;
6ae510ab-a637-4bf9-88ec-ead37b60f199;Πόντον;char-offset:3123;PLACE;http://pleiades.stoa.org/places/1224;Pontus Euxinus;43.0786852;34.7425505;water-open;VERIFIED;natural feature|water mass;#documentation: pontus euxinus here is not explicitly indicated as sea.
77163c2a-498c-49f3-8dc5-22e4b244fd60;Μαιῶτιν;char-offset:3130;PLACE;http://pleiades.stoa.org/places/825318;Maeotis;45.814417000000006;35.862586;water-open;VERIFIED;natural feature|water mass|lake;
5889f594-cd16-4a95-86ed-58592bfcf0d5;Σαρμάτας;char-offset:3138;PLACE;http://pleiades.stoa.org/places/825371;Sarmatia;45.5;39.5;unknown;VERIFIED;ethnos;
3bb789c5-1729-4c02-8a51-b667eb209211;Κασπίαν θάλασσαν;char-offset:3161;PLACE;;;;;;UNVERIFIED;;
e6709367-675d-4881-aae3-6995577e6f54;Κασπίαν;char-offset:3161;PLACE;http://pleiades.stoa.org/places/884130;Caspium/Hyrcanium Mare;42.6759567125;49.98680535;lake,water-open;VERIFIED;natural feature|water mass|sea;
f201013f-cf2a-46c3-9e32-7806784b3408;Σάκας;char-offset:3182;PLACE;http://pleiades.stoa.org/places/60021;Sacae;37.5;72.5;people;VERIFIED;ethnos;
3a04631b-549a-434a-b925-90aa62bcd1a2;ἡ μεγάλη Σύρτις;char-offset:3200;PLACE;http://pleiades.stoa.org/places/344491;Syrtis Maior;31.5;18.0;water-open;VERIFIED;natural feature|island;
1a738389-c48f-4231-8e01-50cab2212eb4;ἡ δὲ μικρὰ;char-offset:3228;PLACE;http://pleiades.stoa.org/places/344492;Syrtis Minor;34.0;10.416667;water-open;VERIFIED;natural feature|island;
adbc1be4-c1fe-4166-89ff-c24399c82f3e;στόμα τοῦ Ἀδρίου;char-offset:3258;PLACE;;;;;;UNVERIFIED;;
69ed90a3-0e85-4c1f-8817-271f5c1f93b2;Ἀδρίου;char-offset:3268;PLACE;http://pleiades.stoa.org/places/1004;(H)Adriaticum/Superum Mare;42.7752864;15.885196;water-open;VERIFIED;natural feature|water mass|sea;
14415346-c15d-4bfd-b005-21fa495dbf65;Ἰόνιον;char-offset:3291;PLACE;http://pleiades.stoa.org/places/1004;(H)Adriaticum/Superum Mare;42.7752864;15.885196;water-open;VERIFIED;natural feature|water mass|sea;#documentation: pelagos refers to the category of sea
70a37fad-4baf-4d1e-b5ef-e5bef9431cac;Ἰόνιον πέλαγος;char-offset:3291;PLACE;;;;;;UNVERIFIED;;
4a9072cc-8a97-463a-9949-1480e06a1d8e;ἄκρας Ἰαπυγίας;char-offset:3334;PLACE;http://pleiades.stoa.org/places/442763;Sallentinum/Iapygia|Sallentinum Pr./Iapygia Pr., Capo Santa Maria di Leuca;39.796261;18.368275;cape;VERIFIED;natural feature|promontory;
cbe8c644-08a3-4484-9c14-716a3996eebe;Κεραύνια ὄρη τῆς Ἠπείρου;char-offset:3353;PLACE;;;;;;UNVERIFIED;;
f026e216-ceee-44ca-8d3f-d17b1ffa737d;Κεραύνια ὄρη;char-offset:3353;PLACE;;;;;;UNVERIFIED;;
4a9c7beb-fcc5-4531-942b-dce55ba5f16e;Κεραύνια;char-offset:3353;PLACE;http://pleiades.stoa.org/places/481785;Ceraunii M.|Ceraunii M., Ceraunian Mountains;40.198056;19.638889;mountain;VERIFIED;natural feature|mountain;
fbf72192-1976-4245-a05c-a5fe9e951eec;Ἠπείρου;char-offset:3370;PLACE;http://pleiades.stoa.org/places/530871;Epirus;39.577073022222216;20.590387322222224;region;VERIFIED;region;
bec18a2a-2216-4722-b2fd-9992cd50b98f;Αἰγαῖον;char-offset:3395;PLACE;http://pleiades.stoa.org/places/560221;Aegaeum Mare;37.42245628773585;25.8829628235849;water-open;VERIFIED;natural feature|water mass|sea;
252eec54-8f67-484d-bce6-d3f0976eba6f;Αἰγαῖον πέλαγος;char-offset:3395;PLACE;;;;;;UNVERIFIED;;
46017611-6c9a-4fec-8e3d-08e7581128b1;Ἑλλήσποντος;char-offset:3411;PLACE;http://pleiades.stoa.org/places/981526;Hellespontus;40.346685;26.699162;province;VERIFIED;natural feature;
bc2d25f5-2089-4a34-b393-523a0c6b0a27;Ἄβυδον;char-offset:3433;PLACE;http://pleiades.stoa.org/places/501325;Abydos|Abydos, Maltepe;40.19406;26.41122;settlement;VERIFIED;settlement;
d69c11de-e110-47ee-85d2-308c1d85d2c5;Σηστόν;char-offset:3444;PLACE;http://pleiades.stoa.org/places/501609;Sestos|Sestos, Yalikabat;40.21343;26.38916;settlement;VERIFIED;settlement;
6784ab56-ad7d-4343-9986-c98842d3d9a9;Προποντὶς;char-offset:3459;PLACE;http://pleiades.stoa.org/places/511381;Propontis;40.6666672;28.2499999;water-open;VERIFIED;natural feature|water mass;
76edfc9d-60c1-4b0d-abc6-4778227bfcab;Χαλκηδόνα;char-offset:3481;PLACE;http://pleiades.stoa.org/places/520988;Chalcedon|Chalcedon, Kadıköy;40.983393;29.025789;settlement,port;VERIFIED;settlement;
40e971ef-2efe-4fc3-ba80-ed850781ab78;Βυζάντιον;char-offset:3495;PLACE;http://pleiades.stoa.org/places/520985;Byzantium|Constantinopolis|Byzantium/Constantinopolis, Istanbul;41.012379;28.975926;settlement,urban;VERIFIED;settlement;
7a474011-1c23-41d1-9c12-cdc66909a513;τὰ στενὰ;char-offset:3511;PLACE;;;;;;UNVERIFIED;natural feature;
7a51afa3-a627-411c-b296-fc0be33139c5;Πόντος;char-offset:3529;PLACE;http://pleiades.stoa.org/places/1224;Pontus Euxinus;43.0786852;34.7425505;water-open;VERIFIED;natural feature|water mass;
692f92fb-1004-4d3e-a1f5-03a82ca6f1f2;Μαιῶτις;char-offset:3552;PLACE;http://pleiades.stoa.org/places/825318;Maeotis;45.814417000000006;35.862586;water-open;VERIFIED;natural feature|water mass|lake;
3fe8be05-e074-44ff-97e8-1215da0bacfe;Μαιῶτις λίμνη;char-offset:3552;PLACE;;;;;;UNVERIFIED;;
24a411b9-c422-4034-9b0c-321dceaee134;Εὐρώπης;char-offset:3586;PLACE;http://pleiades.stoa.org/places/536074;Europe;;;unlocated;VERIFIED;concept|continent;
b5e8a348-8573-431d-a03e-268fbd4f0d42;Λιβύης;char-offset:3598;PLACE;http://pleiades.stoa.org/places/716588;Libya;31.5;26.5;region;VERIFIED;concept|continent;
c70c5d09-8e7e-459e-8f0c-b9717507601b;Ἰβηρικὸν τὸ ἀπὸ Στηλῶν;char-offset:3605;PLACE;;;;;;UNVERIFIED;;
33f040fe-9961-4e3f-9939-98cd0c40c034;Ἰβηρικὸν;char-offset:3605;PLACE;http://pleiades.stoa.org/places/1033;Ibericum Mare;37.5;-2.5;water-open;VERIFIED;natural feature|water mass|sea;
841b1104-5bb9-425a-8f98-46699cc3cd80;Στηλῶν;char-offset:3621;PLACE;http://pleiades.stoa.org/places/275614;Columnae Herculis;35.9358335;-5.384583;cape;VERIFIED;;
75254185-8d9b-493c-86c8-a274ad1913b5;Πυρήνην τὸ ὄρος;char-offset:3632;PLACE;;;;;;UNVERIFIED;;
bdde5a48-62eb-427e-96f1-a4809b2e6b04;Πυρήνην;char-offset:3632;PLACE;http://pleiades.stoa.org/places/246582;Pyrenaei (mountains)|Pyrenaei Mons, Pyrenees Mts.;42.67;1.0;mountain;VERIFIED;natural feature|mountain;
4b0fdd28-97cf-4097-b70f-061e9f34af64;Λιγυστικὸν;char-offset:3649;PLACE;http://pleiades.stoa.org/places/157878;Ligusticum Mare;43.5000002;8.9999997;water-open;VERIFIED;natural feature|water mass|sea;
44934c18-b51b-44d9-9db7-dbdbb3b14cdc;Λιγυστικὸν δὲ τὸ ἕως τῶν τῆς Τυρρηνίας
περάτων;char-offset:3649;PLACE;;;;;;UNVERIFIED;;
c9b709fb-289a-4dce-9784-cf3c2baa780b;τῶν τῆς Τυρρηνίας
περάτων;char-offset:3670;PLACE;;;;;;UNVERIFIED;;
d62fb8bd-7d78-4797-a6bb-741b6674b047;Τυρρηνίας;char-offset:3678;PLACE;http://pleiades.stoa.org/places/413122;Etruria/Tuscia;42.42106799642196;11.754185895075311;region;VERIFIED;region;
80629330-5fbc-4c6b-9c1f-05a0d1b8200a;Σαρδῶον;char-offset:3697;PLACE;http://pleiades.stoa.org/places/472127;Sardoum Mare;40.5;8.5;water-open;VERIFIED;natural feature|water mass|sea;
35f2c2ca-73a7-4bd2-bb71-85a1cb4168bc;Σαρδῶον δὲ τὸ ὑπὲρ Σαρδὼ;char-offset:3697;PLACE;;;;;;UNVERIFIED;;
bc2c884b-d1b1-4d0b-be7d-a0bbf599afc6;Σαρδὼ;char-offset:3716;PLACE;http://pleiades.stoa.org/places/472014;Sardinia (island);40.07256202831716;8.897134151294493;island;VERIFIED;natural feature|island;
be0b0e42-642f-48fb-a116-e656fb8e9045;Λιβύην κάτω;char-offset:3733;PLACE;http://pleiades.stoa.org/places/991388;Libya Inferior;32.5;27.5;province;VERIFIED;region;
676fa1c6-4d33-4f53-8a5d-5554d0d1410e;Τυρρηνικὸν δὲ τὸ μέχρι Σικελίας λῆγον ἀρχόμενον ἀπὸ τῶν Λιγυστικῆς
ἄκρων;char-offset:3746;;;;;;;;;place definition: beginning and end of the Tyrrhenum mare.
4fe0a605-3eb9-4210-b1b6-ebedb556df0e;Τυρρηνικὸν;char-offset:3746;PLACE;http://pleiades.stoa.org/places/1356;Tyrrhenum/Inferum Mare;41.664192791693274;12.054850937614777;water-open;VERIFIED;natural feature|water mass|sea;
cb609726-8e62-4905-81e8-2b23d135d4ee;Σικελίας;char-offset:3769;PLACE;http://pleiades.stoa.org/places/462492;Sicilia (island);37.47230988464223;14.258442358012013;island;VERIFIED;natural feature|island;
516e336d-06e4-49d9-a284-ede66036ac12;τῶν Λιγυστικῆς
ἄκρων;char-offset:3798;PLACE;;;;;;UNVERIFIED;natural feature|promontory;
182918df-6442-4f0a-abe1-0ce5e8c9c0a6;Λιγυστικῆς;char-offset:3802;PLACE;http://pleiades.stoa.org/places/383698;Liguria;44.22656549434755;9.235707726672372;region;VERIFIED;region;
37cd6ac0-16cf-42b8-be6c-5cdeb33b8ae8;Λιβυκόν;char-offset:3825;PLACE;http://pleiades.stoa.org/places/716590;Libycum Mare;31.5;25.5;water-open;VERIFIED;natural feature|water mass|sea;
8c605338-84ae-45d8-ac09-1e2a1af3b1c2;Κρητικὸν;char-offset:3839;PLACE;http://pleiades.stoa.org/places/589749;Creticum Mare;35.75;24.75;water-open;VERIFIED;natural feature|water mass|sea;
915f63f6-9f0d-41e0-b2ef-af254cb43361;Σικελικὸν;char-offset:3852;PLACE;http://pleiades.stoa.org/places/1282;Siculum/Ausonium Mare;37.5;17.5;water-open;VERIFIED;natural feature|water mass|sea;
d8659353-d12f-49aa-aa02-6045e8bb890d;Ἰόνιον;char-offset:3866;PLACE;http://pleiades.stoa.org/places/1046;Ionium Mare;39.03244647555555;19.674861075555555;water-open;VERIFIED;natural feature|water mass|sea;
4058abc9-51c8-4b73-8569-dfed2530ccd3;Ἀδρίαν;char-offset:3877;PLACE;http://pleiades.stoa.org/places/1043;Internum Mare;36.79091450972222;16.501668473611108;water-open;VERIFIED;natural feature|water mass|sea;
5d861de6-3781-45db-8d20-9236472be7f9;Κορινθιακὸν κόλπον;char-offset:3943;PLACE;http://pleiades.stoa.org/places/570181;Corinthiacus Sinus;38.175407050000004;22.395744800000003;water-open;VERIFIED;natural feature|water mass|gulf;
18408345-6e2a-422b-8e0f-e915356f5aa5;Κορινθιακὸν κόλπον ἤτοι Ἀλκυονίδα θάλασσαν;char-offset:3943;PLACE;;;;;;UNVERIFIED;;
730ebf61-187d-4173-8b22-c33fd8587425;Ἀλκυονίδα;char-offset:3967;PLACE;http://pleiades.stoa.org/places/570181;Corinthiacus Sinus;38.175407050000004;22.395744800000003;water-open;VERIFIED;natural feature|water mass|gulf;
3258dad0-c437-4739-a806-b8dbe78f2b0f;Ἀλκυονίδα θάλασσαν;char-offset:3967;PLACE;;;;;;UNVERIFIED;;
44b3c3b7-37e5-404f-807f-0d3e787057a9;Σουνίῳ;char-offset:3993;PLACE;http://pleiades.stoa.org/places/580108;Sounion Pr.;37.625;24.125;cape;VERIFIED;natural feature|promontory;
19daee5e-f69e-4b0c-9991-c8e6e191bccd;Σκυλλαίῳ;char-offset:4004;PLACE;http://pleiades.stoa.org/places/452438;Scyllaeum Pr.|Scyllaeum Pr., Rocca di Scilla;38.25615;15.7145;cape;VERIFIED;natural feature|promontory;
6a0a1093-738e-45a5-ad2f-298d62136ad2;πέλαγος Σαρωνικόν;char-offset:4026;PLACE;;;;;;UNVERIFIED;;
fb5bc1a7-2911-46be-9eb4-15c374645807;Σαρωνικόν;char-offset:4034;PLACE;http://pleiades.stoa.org/places/570654;Saronicus Sinus;37.77606943333334;23.46300815833333;water-open;VERIFIED;natural feature|water mass|sea;
40f69546-5f38-430b-82e3-661beb4d9c27;Μυρτῶον;char-offset:4050;PLACE;http://pleiades.stoa.org/places/570495;Myrtoion Mare;37.0;24.0;water-open;VERIFIED;natural feature|water mass|sea;
c91905ab-248e-4790-9c74-745b6b464509;Ἰκάριον;char-offset:4062;PLACE;http://pleiades.stoa.org/places/599668;Ikarion Mare;37.5;26.333333;water-open;VERIFIED;natural feature|water mass|sea;
af494d57-41c5-426a-87f9-334109496536;Κυκλάδες;char-offset:4078;PLACE;http://pleiades.stoa.org/places/560353;Cyclades Islands;37.03698029599999;25.164844648000003;island,archipelago;VERIFIED;natural feature|island;
c66bd639-cd62-4969-92ec-296753c2aafe;Καρπάθιον;char-offset:4093;PLACE;http://pleiades.stoa.org/places/599691;Karpathion Mare;36.688179500000004;27.372838499999997;water-open;VERIFIED;natural feature|water mass|sea;
5ac28923-46f3-4641-a551-2c9e4d22e6c2;Παμφύλιον;char-offset:4107;PLACE;http://pleiades.stoa.org/places/639035;Pamphylium Mare;36.5345001;30.66370135;water-open;VERIFIED;natural feature|water mass|sea;
0245ee78-56a7-445e-a49c-a66ebc48df32;Αἰγύπτιον;char-offset:4121;PLACE;http://pleiades.stoa.org/places/727067;Aegyptium Mare;31.15802;32.68554;water-open;VERIFIED;natural feature|water mass|sea;
a20fa9d5-361b-465a-a72a-356913ed7d4c;ὑπὲρ δὲ τὸ Ἰκάριον ἑξῆς ἀναχεῖται τὸ Αἰγαῖον;char-offset:4132;;;;;;;;;place relative location: beginning of the Aegean Sea.
f16113ae-bd8d-446a-a78c-5aa81dee3aff;Ἰκάριον;char-offset:4143;PLACE;http://pleiades.stoa.org/places/599668;Ikarion Mare;37.5;26.333333;water-open;VERIFIED;natural feature|water mass|sea;
77fcec8e-fc8c-44fe-82ca-f5d653921634;Αἰγαῖον;char-offset:4169;PLACE;http://pleiades.stoa.org/places/560221;Aegaeum Mare;37.42245628773585;25.8829628235849;water-open;VERIFIED;natural feature|water mass|sea;
969b95b1-67af-4cb1-ba81-c601c76eed6d;Εὐρώπης;char-offset:4194;PLACE;http://pleiades.stoa.org/places/536074;Europe;;;unlocated;VERIFIED;concept|continent;
03fa853e-d69b-454a-b011-a9318bdc01a0;Τανάιδος ποταμοῦ;char-offset:4216;PLACE;;;;;;UNVERIFIED;;
93065c52-bf8a-40a2-bf52-d19a094b74e0;Τανάιδος;char-offset:4216;PLACE;http://pleiades.stoa.org/places/59844;Iaxartes/Silis/Tanais fl.;45.7077742;63.5889496;river;VERIFIED;natural feature|water mass|river;
d5338545-d194-4e5f-9c1f-0c6be87b0eab;Ἡρακλείων;char-offset:4245;PERSON;;;;;;;;
6729505f-b2f4-4291-aba1-d78f306f93df;Ἡρακλείων στηλῶν;char-offset:4245;PLACE;http://pleiades.stoa.org/places/275614;Columnae Herculis;35.9358335;-5.384583;cape;VERIFIED;;
1ebcd4bf-f93b-4dce-92d4-cc7535878db5;στηλῶν;char-offset:4255;PLACE;;;;;;UNVERIFIED;;
a18feb4c-aeda-4b40-8718-bf1d9f994be2;Λιβύης;char-offset:4299;PLACE;http://pleiades.stoa.org/places/716588;Libya;31.5;26.5;region;VERIFIED;concept|continent;
29616130-c4ac-4ab4-88ef-959b204844e1;Τιγγὸς;char-offset:4310;PLACE;http://pleiades.stoa.org/places/275736;Tingi|Tingis/Tingi, Tanger;35.787168;-5.810419;settlement,port;VERIFIED;settlement;
836e2828-0e82-4f46-87e4-6abe656cec07;στόματος Κανωβικοῦ;char-offset:4321;PLACE;http://pleiades.stoa.org/places/727137;Kanobikon Stoma;19.211408766666665;30.567329633333333;river;VERIFIED;natural feature|water mass;
e468da1b-f847-4dd9-99a8-abc96c374887;Ἀσίας;char-offset:4379;PLACE;http://pleiades.stoa.org/places/981509;Asia;37.5;27.5;province;VERIFIED;concept|continent;
b39c5247-3e88-48e6-bb24-52a26c057b1d;Κανώβου;char-offset:4389;PLACE;http://pleiades.stoa.org/places/727097;Canopus|Kanopos/Kanobos/Canopus, Abuqir;31.320896;30.063645;settlement;VERIFIED;settlement;
04552740-7e7e-4f7e-94f2-11f428e3d0ef;Τανάιδος;char-offset:4401;PLACE;http://pleiades.stoa.org/places/59844;Iaxartes/Silis/Tanais fl.;45.7077742;63.5889496;river;VERIFIED;natural feature|water mass|river;
96424374-84dd-4c46-98b7-75e5ac190c26;Τανάιδος ποταμοῦ;char-offset:4401;PLACE;;;;;;UNVERIFIED;;
afd50d3d-34b1-4414-9bb0-c14840f5b348;τῶν κόλπων;char-offset:4423;PLACE;;;;;;UNVERIFIED;natural feature|water mass|gulf;
db23f870-f177-49e2-8062-cc583dd9cdf4;κόλποις;char-offset:4492;PLACE;;;;;;UNVERIFIED;natural feature|water mass|gulf;
29292a6c-833c-47df-b977-e73a65ccaa4a;οἰκουμένης;char-offset:4514;PLACE;;;;;;UNVERIFIED;concept;
b38528e0-cafb-4464-9549-4668d05d5d66;Μαιώτιδος λίμνης;char-offset:4574;PLACE;;;;;;UNVERIFIED;;
3428c5a9-206b-47e1-be34-ef496c1b1c78;Μαιώτιδος;char-offset:4574;PLACE;http://pleiades.stoa.org/places/825318;Maeotis;45.814417000000006;35.862586;water-open;VERIFIED;natural feature|water mass|lake;
a09fb0a0-431b-4693-9709-6956c836b8f2;τὸ δὲ στόμα ὁ Κιμμέριος Βόσπορος;char-offset:4619;PLACE;;;;;;UNVERIFIED;natural feature;
9a5e4525-a0b1-4a20-93d1-7991b4c569e5;Κιμμέριος Βόσπορος;char-offset:4633;PLACE;http://pleiades.stoa.org/places/854675;Cimmerius Bosp(h)orus;45.35;36.65;water-open;VERIFIED;natural feature;
b3688da6-7238-4222-850b-92be9d1ece39;Πόντος;char-offset:4671;PLACE;http://pleiades.stoa.org/places/1224;Pontus Euxinus;43.0786852;34.7425505;water-open;VERIFIED;natural feature|water mass;
f023b7e6-abde-411c-9e9c-4ddec8821a53;Θράκιος Βόσπορος;char-offset:4697;PLACE;http://pleiades.stoa.org/places/520977;Bosphorus;41.119444;29.075278;water-open;VERIFIED;natural feature;
a5ea1662-8115-45d6-8649-a3567c60e8e3;τὰ στενὰ;char-offset:4714;PLACE;;;;;;UNVERIFIED;natural feature;
9338fc63-80c7-4796-a2ee-714e3a01fcc1;Δαρεῖος;char-offset:4727;PERSON;;;;;;;;
966a15da-2582-4cd2-9853-71ae4f188abd;Σκύθας;char-offset:4747;PLACE;http://pleiades.stoa.org/places/1273;Scythia;47.5;27.5;region;VERIFIED;ethnos;
da72f19c-69cd-44bb-8e58-543f34391367;Περσικὴ;char-offset:4785;PLACE;http://pleiades.stoa.org/places/29713;Persicus Sinus/Erythr(ae)um Mare;27.0000001;50.9999999;water-open;VERIFIED;natural feature|water mass|sea;
daff8891-a358-4109-a535-e73679ef64ab;Περσικὴ θάλασσα;char-offset:4785;PLACE;;;;;;UNVERIFIED;;
1ba406ef-1731-44cc-ab61-5de10bd7b802;Καρμανίας;char-offset:4841;PLACE;http://pleiades.stoa.org/places/29517;Carmania;27.5;57.5;region;VERIFIED;region;
ca3c6b6e-38d0-48a8-8a9f-a27db6648148;Ἀραβίας;char-offset:4855;PLACE;http://pleiades.stoa.org/places/981506;Arabia;27.5;32.5;province;VERIFIED;region;
4788da60-2580-49d0-8d5e-ad9560a08271;τὸ μεταξὺ στόμα
Ἀραβίας καὶ Καρμανίας;char-offset:4909;PLACE;;;;;;UNVERIFIED;natural feature;
d5cb0ccf-19da-426e-bba4-06110194793a;Ἀραβίας;char-offset:4925;PLACE;http://pleiades.stoa.org/places/981506;Arabia;27.5;32.5;province;VERIFIED;region;
f99e2979-5975-498f-8a6d-b77d14e87c59;Καρμανίας;char-offset:4937;PLACE;http://pleiades.stoa.org/places/29517;Carmania;27.5;57.5;region;VERIFIED;region;
01a99705-632a-4c4f-a89f-393b8ea917ec;Ὑρκανία;char-offset:4965;PLACE;http://pleiades.stoa.org/places/884130;Caspium/Hyrcanium Mare;42.6759567125;49.98680535;lake,water-open;VERIFIED;natural feature|water mass|sea;
bcfb76ba-eefb-4a62-bbf3-56d49c9d8a30;Ὑρκανία ἤτοι
Κασπία θάλασσα;char-offset:4965;PLACE;;;;;;UNVERIFIED;;
9fa45f6a-8963-45f8-952b-40bc7d4fdc9a;Κασπία;char-offset:4978;PLACE;http://pleiades.stoa.org/places/884130;Caspium/Hyrcanium Mare;42.6759567125;49.98680535;lake,water-open;VERIFIED;natural feature|water mass|sea;
ae2fa63c-9715-466a-a293-b9c48dd5e76f;Κασπία θάλασσα;char-offset:4978;PLACE;;;;;;UNVERIFIED;;
8ca4b81c-0fd7-4527-83d9-4d1b2e711c48;Ἀράβιος κόλπος;char-offset:5113;PLACE;http://pleiades.stoa.org/places/39290;Arabicus Sinus/Erythr(ae)um/Rubrum Mare;19.0;39.5;water-open;VERIFIED;natural feature|water mass|gulf;
b20abb2f-a58c-4af0-902c-2d2f9d1b2967;Ἡρώων πολίτου μυχοῦ;char-offset:5163;PLACE;http://pleiades.stoa.org/places/746744;Heroopoliticus Sinus;28.166667;33.45;water-open;VERIFIED;natural feature|water mass|gulf;
ee91445d-738a-49b0-8d6c-adba1db39186;Ἡρώων πολίτου;char-offset:5163;PLACE;http://pleiades.stoa.org/places/727124;Heroonpolis|Patoumos/Pithom, Tell el-Maskhuta;30.55278;32.09944;settlement;VERIFIED;settlement;
989776db-20d6-40c7-afd3-237a5bcaff96;Τρωγλοδυτικὴν;char-offset:5192;PLACE;http://pleiades.stoa.org/places/39435;Trogodytice;17.5;37.5;region;VERIFIED;region;
f46b62e5-922e-45f9-87ff-1d3dd3e29cd6;Πτολεμαΐδος τῆς ἐπὶ θήρας;char-offset:5214;PLACE;http://pleiades.stoa.org/places/39409;Ptolemais Theron|Ptolemais Theron, Trinkatat;18.222236;38.184316;settlement,port;VERIFIED;settlement;
426de158-b670-4fb4-83e9-68f3c5cae34d;τὰ δὲ  κατὰ
Δειρὴν στενὰ;char-offset:5261;PLACE;;;;;;UNVERIFIED;natural feature;
ffdab691-e93c-4861-ba3a-15ad5ef9e80b;Δειρὴν;char-offset:5273;PLACE;http://pleiades.stoa.org/places/39335;Deire|Deire, Ras Siyan;12.469263;43.322268;settlement,cape;VERIFIED;settlement;
31cd6d22-09a2-443c-a9b3-fa2e6d82922a;Ἐρυθρὰν;char-offset:5360;PLACE;http://pleiades.stoa.org/places/39290;Arabicus Sinus/Erythr(ae)um/Rubrum Mare;19.0;39.5;water-open;VERIFIED;natural feature|water mass|sea;
fd8aa011-9c22-44de-b20f-279d582aebdb;Ἐρυθρὰν θάλασσαν;char-offset:5360;PLACE;;;;;;UNVERIFIED;;Place category referred to the following ethnics.
d76ecad2-714c-4422-8e40-571195d07517;ὠκεανοῦ;char-offset:5381;PLACE;;;;;;UNVERIFIED;concept|natural feature|water mass|ocean;
621b9016-295b-4a38-b6a7-837b2865c04a;τὴν Ἀραβίαν πλευρὰν;char-offset:5412;PLACE;;;;;;UNVERIFIED;natural feature;
74ca4b19-88d2-477b-9e9b-a3f3e6f3de43;Ἀραβίαν;char-offset:5416;PLACE;http://pleiades.stoa.org/places/746711;Arabia Petraia;30.328611;35.441944;province;VERIFIED;region;
5cc949f7-fb78-4c0a-8304-969d2146af88;Αἰλανίτου μυχοῦ;char-offset:5436;PLACE;http://pleiades.stoa.org/places/746701;Aelaniticus Sinus;26.123397249999996;35.938032416666665;water-open;VERIFIED;natural feature|water mass|gulf;
c612d42c-5431-4ca6-aca9-849eb282c341;Ἀραβία;char-offset:5482;PLACE;http://pleiades.stoa.org/places/746711;Arabia Petraia;30.328611;35.441944;province;VERIFIED;region;
bedb85ef-e63d-499b-be9e-8d99871636ab;Ἐρυθρὰν;char-offset:5497;PLACE;http://pleiades.stoa.org/places/39290;Arabicus Sinus/Erythr(ae)um/Rubrum Mare;19.0;39.5;water-open;VERIFIED;natural feature|water mass|sea;
34069905-1649-410e-a79a-65020463270a;οἰκουμένης;char-offset:5572;PLACE;;;;;;UNVERIFIED;concept;
aea30e3a-316a-4959-97a8-a9c6f93a36f9;Γάγγου;char-offset:5587;PLACE;http://pleiades.stoa.org/places/59822;Ganges fl.;25.621435;86.51155633333333;river;VERIFIED;natural feature|water mass|river;
bbd7eccd-6015-43e1-adc6-82faf35af6f2;Γάδειρα;char-offset:5601;PLACE;http://pleiades.stoa.org/places/256177;Gadeira/Gades/Col. Augusta Gaditana|Gades/Gadeira/Col. Augusta Gaditana, Cádiz;36.528381;-6.294444;arch,theatre,townhouse,settlement;VERIFIED;settlement;
2d1ba574-c3af-48cd-8f3e-da6f7cae32e4;Γάγγου;char-offset:5654;PLACE;http://pleiades.stoa.org/places/59822;Ganges fl.;25.621435;86.51155633333333;river;VERIFIED;natural feature|water mass|river;
8d26081c-291d-434b-b143-99290f34cbe9;Γάγγου ποταμοῦ;char-offset:5654;PLACE;;;;;;UNVERIFIED;;
8e6794e5-53a5-4b93-bb42-3cc728bdc9be;Μυριάνδρου;char-offset:5673;PLACE;http://pleiades.stoa.org/places/658541;Myriand(r)os|Myriandros/Myriandos, Ada Tepe;36.4941667;36.02416670000002;settlement,port;VERIFIED;settlement;
14374109-0f0e-468a-929c-c49d920ea1f5;Μυριάνδρου τῆς ἐν Ἰσσικῷ κόλπῳ;char-offset:5673;PLACE;;;;;;UNVERIFIED;;
c7355d29-571f-4b76-8b2a-3618c21829c4;Ἰσσικῷ κόλπῳ;char-offset:5691;PLACE;http://pleiades.stoa.org/places/658489;Issicus Sinus;36.579722;35.83;water-open;VERIFIED;natural feature|water mass|gulf;
09f3214f-e8d7-4fdc-b5da-f9067a59c3cc;Γάγγου;char-offset:5758;PLACE;http://pleiades.stoa.org/places/59822;Ganges fl.;25.621435;86.51155633333333;river;VERIFIED;natural feature|water mass|river;
800bb3bb-de06-4b9b-9a9c-2e1055658c07;ἐκβολὰς Ἰνδοῦ ποταμοῦ;char-offset:5770;PLACE;;;;;;UNVERIFIED;natural feature;
eaab7c01-634d-4145-9b2e-5ef8f72cd644;Ἰνδοῦ ποταμοῦ;char-offset:5778;PLACE;;;;;;UNVERIFIED;;
e0e45a3f-be38-4e46-8fbf-578c7fe7404b;Ἰνδοῦ;char-offset:5778;PLACE;http://pleiades.stoa.org/places/59851;Indus/Sinthos/Phison (river);29.0592303;70.12808435;river;VERIFIED;natural feature|water mass|river;
68948f6e-8972-4c5b-b700-0b0bcd320fee;Ἰνδοῦ;char-offset:5815;PLACE;http://pleiades.stoa.org/places/59851;Indus/Sinthos/Phison (river);29.0592303;70.12808435;river;VERIFIED;natural feature|water mass|river;
e6dd4618-beea-49ff-a273-29c3b3fb72de;Κασπίων πυλῶν;char-offset:5825;PLACE;http://pleiades.stoa.org/places/863824;Kaspiai Pylai/Caucasiae Portae|Kaspiai Pylai/Caucasiae Portae, Barrington Atlas grid 88 C2;42.388983;46.4302425;pass;VERIFIED;natural feature;
e3e68460-4403-47b1-8b4d-888964332bb0;Εὐφράτην;char-offset:5881;PLACE;http://pleiades.stoa.org/places/912849;Euphrates;33.82173363333333;42.27809201666667;river;VERIFIED;natural feature|water mass|river;
3c154cca-4f6f-4038-85d9-b9d750d361ec;Μυρίανδρον;char-offset:5913;PLACE;http://pleiades.stoa.org/places/658541;Myriand(r)os|Myriandros/Myriandos, Ada Tepe;36.4941667;36.02416670000002;settlement,port;VERIFIED;settlement;
29343ca8-2e8b-4d78-bb3a-1ed2dbe5e54c;Μυριάνδρου;char-offset:5946;PLACE;http://pleiades.stoa.org/places/658541;Myriand(r)os|Myriandros/Myriandos, Ada Tepe;36.4941667;36.02416670000002;settlement,port;VERIFIED;settlement;
7bb5a92a-84e0-4976-83a3-a8766623ab8c;Γάδειρα;char-offset:5961;PLACE;http://pleiades.stoa.org/places/256177;Gadeira/Gades/Col. Augusta Gaditana|Gades/Gadeira/Col. Augusta Gaditana, Cádiz;36.528381;-6.294444;arch,theatre,townhouse,settlement;VERIFIED;settlement;
a339c81e-3794-4075-a7da-262878ee079e;Μυριάνδρου;char-offset:6003;PLACE;http://pleiades.stoa.org/places/658541;Myriand(r)os|Myriandros/Myriandos, Ada Tepe;36.4941667;36.02416670000002;settlement,port;VERIFIED;settlement;
a46d7c95-8a6a-42f9-96a2-1ab3247392f0;Κλεῖδας Κύπρου;char-offset:6018;PLACE;http://pleiades.stoa.org/places/707537;Kleides Pr.|Kleides Pr./Dinaretum Pr./Oura Boos Pr., Cape Apostolos Andreas;35.69504;34.58756;cape;VERIFIED;natural feature|promontory;
d5bc919d-5b4e-43bd-a83e-592151d42eff;Κύπρου;char-offset:6026;PLACE;http://pleiades.stoa.org/places/707498;Cyprus (island);35.04136726070336;33.27561106024465;island;VERIFIED;natural feature|island;
6bd84e0b-7659-4110-adfb-df69844ca8d3;Ἀκάμαντα τὸ ἀκρωτήριον;char-offset:6066;PLACE;;;;;;UNVERIFIED;;
a7ebf2fa-6217-4fe8-8f2a-671ceabe23f7;Ἀκάμαντα;char-offset:6066;PLACE;http://pleiades.stoa.org/places/707455;Akamas Pr.|Akamas Pr., Cape Arnaoutis;35.103333;32.2875;cape;VERIFIED;natural feature|promontory;
d5285150-6c7a-45f0-a7f4-433290ae1c97;Χελιδονίας;char-offset:6109;PLACE;http://pleiades.stoa.org/places/638799;Chelidoniae (islands)|Chelidoniae Inss., Beş Adalar;36.19053;30.40531;archipelago;VERIFIED;natural feature|island;
1ca47d26-a8e5-4c08-a1d5-e315aeb8cc47;Παμφυλίου;char-offset:6124;PLACE;http://pleiades.stoa.org/places/639035;Pamphylium Mare;36.5345001;30.66370135;water-open;VERIFIED;natural feature|water mass|sea;
0c5a2ec7-5cb1-4d43-9b09-3a4a86028eb8;Παμφυλίου πελάγους;char-offset:6124;PLACE;;;;;;UNVERIFIED;;
83c92031-9b43-4063-b589-2037e582f8cb;Πάταρα;char-offset:6159;PLACE;http://pleiades.stoa.org/places/639042;Patara/Arsinoe|Patara/Arsinoe, Gelemiş;36.26018;29.314279;architecturalcomplex,port,city-gate,aqueduct,settlement;VERIFIED;settlement;
59003cbf-c72d-4414-9785-b7f3b9b7e2c5;Ρόδον;char-offset:6182;PLACE;http://pleiades.stoa.org/places/590031;Rhodos (island)|Rhodos Ins., Rhodos;36.195597;27.964125;island;VERIFIED;natural feature|island;
6c4ea34b-76e2-4e14-a5ed-6005d3f0f595;Ἀστυπάλαιαν;char-offset:6202;PLACE;http://pleiades.stoa.org/places/599535;Astypalaia|Astypalaia, Astypalaia;36.547366;26.35142;settlement;VERIFIED;settlement;
7161cb9f-b47a-4244-a56c-3ed8e87d80ee;Καρπαθίου;char-offset:6218;PLACE;http://pleiades.stoa.org/places/599691;Karpathion Mare;36.688179500000004;27.372838499999997;water-open;VERIFIED;natural feature|water mass|sea;
0b844aab-384f-4330-97f0-99563fde923f;Ταίναρον;char-offset:6243;PLACE;http://pleiades.stoa.org/places/570703;Tainaron Pr.|Tainaron Pr., Akr. Tainaron;36.3856534;22.4831905;cape;VERIFIED;natural feature|promontory;
c123ca86-b576-445a-9529-89db9628b3f8;Πάχυνον;char-offset:6269;PLACE;http://pleiades.stoa.org/places/462405;Pachynum Pr.|Pachynum Pr., Capo Passero;36.68882;15.15171;cape;VERIFIED;natural feature|promontory;
c169907a-3eb7-4a75-8715-a6361655c270;Πάχυνον Σικελίας;char-offset:6269;PLACE;;;;;;UNVERIFIED;;
39b92929-2b5a-4d6e-a09b-3bffddfdfe61;Σικελίας;char-offset:6277;PLACE;http://pleiades.stoa.org/places/462492;Sicilia (island);37.47230988464223;14.258442358012013;island;VERIFIED;natural feature|island;
927caacc-8477-45bd-8ee4-95b3f5d1ff1e;Λιλύβαιον;char-offset:6301;PLACE;http://pleiades.stoa.org/places/462281;Lilybaeum|Lilybaeum, Capo Boeo, Marsala;37.7990835;12.434233;settlement;VERIFIED;settlement;
3d52c347-eb23-42b1-ac5b-ca8056bf9c2c;Λιβυκοῦ πελάγους;char-offset:6316;PLACE;;;;;;UNVERIFIED;;
ffd89f8a-9e2a-43df-b1e2-9b9fb8d729d2;Λιβυκοῦ;char-offset:6316;PLACE;http://pleiades.stoa.org/places/716590;Libycum Mare;31.5;25.5;water-open;VERIFIED;natural feature|water mass|sea;
1f0173c5-e257-4ed5-90e9-f78b5b1c2be5;Κάραλιν;char-offset:6353;PLACE;http://pleiades.stoa.org/places/471899;Caralis|Caralis, Cagliari|Cagliari;39.218721;9.116991;amphitheatre,bath,villa,settlement;VERIFIED;settlement;
c55c1ac7-cbd9-4af5-86d2-dc23a9b69226;Σαρδοῦς;char-offset:6361;PLACE;http://pleiades.stoa.org/places/472014;Sardinia (island);40.07256202831716;8.897134151294493;island;VERIFIED;natural feature|island;
1ef421bd-d663-4c73-8e4d-5fd85d116636;Τυρσηνικοῦ πελάγους;char-offset:6373;PLACE;;;;;;UNVERIFIED;;
ae9b9b2b-9a13-42f5-ad15-c969a2b05f7a;Τυρσηνικοῦ;char-offset:6373;PLACE;http://pleiades.stoa.org/places/1356;Tyrrhenum/Inferum Mare;41.664192791693274;12.054850937614777;water-open;VERIFIED;natural feature|water mass|sea;
2ec09d9c-6c7c-44a6-a0f4-865837b56c56;Γάδειρα;char-offset:6409;PLACE;http://pleiades.stoa.org/places/256177;Gadeira/Gades/Col. Augusta Gaditana|Gades/Gadeira/Col. Augusta Gaditana, Cádiz;36.528381;-6.294444;arch,theatre,townhouse,settlement;VERIFIED;settlement;
5d9a43dd-e4af-40d8-a8d3-1b0c851b2a72;Γυμνησίας  νήσους;char-offset:6431;PLACE;;;;;;UNVERIFIED;;
0c85949e-9872-4113-af6f-bdd33be12f61;Γυμνησίας;char-offset:6431;PLACE;http://pleiades.stoa.org/places/265817;Baliares/Gymnesiae Inss. (Maior et Minor)|Baliares Inss./Gymnesiae Inss., Islas Baleares;39.5;3.0;archipelago;VERIFIED;natural feature|island;
02bb236a-20a3-4486-81ca-9dc49ed7d756;Γαδείρων;char-offset:6467;PLACE;http://pleiades.stoa.org/places/256177;Gadeira/Gades/Col. Augusta Gaditana|Gades/Gadeira/Col. Augusta Gaditana, Cádiz;36.528381;-6.294444;arch,theatre,townhouse,settlement;VERIFIED;settlement;
419990c5-c64b-46f3-8271-d7d5453148e9;Ἱεροῦ
ἀκρωτηρίου;char-offset:6483;PLACE;http://pleiades.stoa.org/places/472125;Sacrum Pr. (promontory)|Sacrum Pr., Îles Finocchiarola;42.98429;9.46911;island,cape;VERIFIED;natural feature|promontory;
90718ff4-0025-4d59-b063-b089a7eb1d80;Ἀρτάβρων λιμένος;char-offset:6504;PLACE;http://pleiades.stoa.org/places/236344;Artabris Sinus/Megas Limen;43.5;-8.5;water-open;VERIFIED;;
0cb872d9-707a-49a2-9838-4258b84df640;Γάγγου;char-offset:6592;PLACE;http://pleiades.stoa.org/places/59822;Ganges fl.;25.621435;86.51155633333333;river;VERIFIED;natural feature|water mass|river;
9e7a5138-0072-4441-af01-f13125bdf0eb;Εὐφράτου;char-offset:6603;PLACE;http://pleiades.stoa.org/places/912849;Euphrates;33.82173363333333;42.27809201666667;river;VERIFIED;natural feature|water mass|river;
723099be-2580-4a67-91c1-82bbd2cf2228;Εὐφράτου
ποταμοῦ;char-offset:6603;PLACE;;;;;;UNVERIFIED;;
0116ba19-39bd-4c87-850c-c5de91e19714;Εὐφράτου;char-offset:6657;PLACE;http://pleiades.stoa.org/places/912849;Euphrates;33.82173363333333;42.27809201666667;river;VERIFIED;natural feature|water mass|river;
223ca121-13f8-4386-94bd-d0be39895102;Μάζακα
Καππαδοκῶν;char-offset:6670;PLACE;http://pleiades.stoa.org/places/629035;Mazaka/Eusebeia/Caesarea|Caesarea/Mazaka/Eusebeia, Kayseri;38.733252;35.483548;settlement;VERIFIED;settlement;
bef44a87-4d78-4c0a-a03f-56a7c4cd68ca;Μαζάκων;char-offset:6709;PLACE;http://pleiades.stoa.org/places/629035;Mazaka/Eusebeia/Caesarea|Caesarea/Mazaka/Eusebeia, Kayseri;38.733252;35.483548;settlement;VERIFIED;settlement;
1328d207-185d-4604-bf02-b98c389b11ca;Φρυγίας τῆς παρορίου;char-offset:6721;PLACE;http://pleiades.stoa.org/places/982260;Phrygia Paroreius;37.5;32.5;province;VERIFIED;region;
f76f4cd4-e05c-4db1-9905-8be5b1b5be96;μεγάλης;char-offset:6746;PLACE;;;;;;UNVERIFIED;region;
7d0620f4-60ec-4633-a94f-0b660c11a38d;Καρίας;char-offset:6758;PLACE;http://pleiades.stoa.org/places/1001916;Karia;37.5;27.5;province;VERIFIED;region;
d16e4c3e-c655-4591-aa48-e34bde519a9f;Ἐφέσου;char-offset:6769;PLACE;http://pleiades.stoa.org/places/599612;Ephesus/Arsinoe(ia)|Ephesos/Ephesus/Arsinoeia/Arsinoe, Efes, Selçuk;37.941944;27.339722;theatre,settlement,temple-2,architecturalcomplex;VERIFIED;settlement;
313c7024-cc7f-4c2c-8de1-e55c238f74fe;Γάγγου;char-offset:6799;PLACE;http://pleiades.stoa.org/places/59822;Ganges fl.;25.621435;86.51155633333333;river;VERIFIED;natural feature|water mass|river;
41de0304-743e-4748-aeb1-7fd5e6f7cd3d;Ἔφεσον;char-offset:6810;PLACE;http://pleiades.stoa.org/places/599612;Ephesus/Arsinoe(ia)|Ephesos/Ephesus/Arsinoeia/Arsinoe, Efes, Selçuk;37.941944;27.339722;theatre,settlement,temple-2,architecturalcomplex;VERIFIED;settlement;
4076a5ec-d6f0-4736-a48d-d98cb38e936f;Ἐφέσου;char-offset:6860;PLACE;http://pleiades.stoa.org/places/599612;Ephesus/Arsinoe(ia)|Ephesos/Ephesus/Arsinoeia/Arsinoe, Efes, Selçuk;37.941944;27.339722;theatre,settlement,temple-2,architecturalcomplex;VERIFIED;settlement;
4f91199e-04d7-4daa-974b-0f9e3cc7d37c;Δῆλον;char-offset:6871;PLACE;http://pleiades.stoa.org/places/599588;Delos (island)|Delos Ins., Delos;37.38201;25.27091;island;VERIFIED;natural feature|island;
83178b2f-d1de-4ef4-91d2-a3dac1cb2aa2;Αἰγαίου;char-offset:6885;PLACE;http://pleiades.stoa.org/places/560221;Aegaeum Mare;37.42245628773585;25.8829628235849;water-open;VERIFIED;natural feature|water mass|sea;
cd74040b-f1f9-46b3-a794-8d2ec10fcb15;Ἰσθμὸν;char-offset:6909;PLACE;http://pleiades.stoa.org/places/570317;Isthmos;37.9510881;22.9602226;isthmus;VERIFIED;natural feature|isthmus;
46730701-9975-4ca5-b290-a11c949ede02;Ἰσθμοῦ;char-offset:6932;PLACE;http://pleiades.stoa.org/places/570317;Isthmos;37.9510881;22.9602226;isthmus;VERIFIED;natural feature|isthmus;
acd59a42-7fba-4889-9c05-35ac861f6e60;Κορινθίου κόλπου;char-offset:6943;PLACE;;;;;;UNVERIFIED;;
22c8c8a2-c79c-48e7-b517-a7916f2e2001;Κορινθίου;char-offset:6943;PLACE;http://pleiades.stoa.org/places/570181;Corinthiacus Sinus;38.175407050000004;22.395744800000003;water-open;VERIFIED;natural feature|water mass|gulf;
98bba0ab-1cc9-427b-902e-46d3124dfd4c;Πάτρας;char-offset:6964;PLACE;http://pleiades.stoa.org/places/570567;Patra(e)|Patrae/Patra, Patras;38.243265;21.738518;settlement;VERIFIED;settlement;
d2601c29-e096-438a-a917-cdd9631f3c6b;Λευκάδα;char-offset:6986;PLACE;http://pleiades.stoa.org/places/530975;Leucas (island)|Leucas Ins., Leukas, Leukada;38.70819;20.64944;island;VERIFIED;natural feature|island;
c4c94504-f456-495b-8211-ca871987e9b6;Κόρκυραν;char-offset:7008;PLACE;http://pleiades.stoa.org/places/530835;Corcyra (island)|Corcyra Ins., Kerkyra/Corfu;39.666667;19.75;island;VERIFIED;natural feature|island;
3eaa45ed-f262-4040-83fe-f277b25ffb2f;Ἀκροκεραύνια ὄρη;char-offset:7031;PLACE;;;;;;UNVERIFIED;;
68ad1d29-138c-4494-8ecb-43e6ec3e32db;Ἀκροκεραύνια;char-offset:7031;PLACE;http://pleiades.stoa.org/places/481785;Ceraunii M.|Ceraunii M., Ceraunian Mountains;40.198056;19.638889;mountain;VERIFIED;natural feature|mountain;
4b1736ce-7c80-47bd-a81d-91a1daca5f5c;Βρεντέσιον;char-offset:7063;PLACE;http://pleiades.stoa.org/places/442509;Brundisium/Brentesion|Brundisium/Brentesion, Brindisi|Brindisi;40.641136;17.946867;settlement,port;VERIFIED;settlement;
56d41ec4-ca2e-4544-ab85-d80d58c2403c;Βρεντεσίου;char-offset:7088;PLACE;http://pleiades.stoa.org/places/442509;Brundisium/Brentesion|Brundisium/Brentesion, Brindisi|Brindisi;40.641136;17.946867;settlement,port;VERIFIED;settlement;
e7f09a44-06cd-40e7-b403-eea3476d579e;Ρώμης;char-offset:7119;PLACE;http://pleiades.stoa.org/places/423025;Roma|Roma, Roma|Rome;41.89262;12.4843457;settlement,urban;VERIFIED;settlement;
33af0846-f7dd-4e00-899d-90b0c97ef760;Ῥώμης;char-offset:7142;PLACE;http://pleiades.stoa.org/places/423025;Roma|Roma, Roma|Rome;41.89262;12.4843457;settlement,urban;VERIFIED;settlement;
716af796-b66a-4764-9fdc-b6fc24123e2f;Αλπεις;char-offset:7157;PLACE;http://pleiades.stoa.org/places/167636;Alpes Cottiae;44.670438;7.0288105000000005;mountain;VERIFIED;natural feature|mountain;
2db45ecf-0b8b-4e44-924a-4b9361a2495c;Σκιγγομάγου
κώμης;char-offset:7168;PLACE;;;;;;UNVERIFIED;region;
e977e165-92b7-4331-ba70-08d0755749d7;Σκιγγομάγου;char-offset:7168;PLACE;http://pleiades.stoa.org/places/167914;Scingomagus|Scingomagus, Exilles|Exilles;45.09775;6.92952;station;VERIFIED;settlement;
4c50158f-a4e6-46c3-83a4-ec2da2efc1f2;Ἄλπεσιν;char-offset:7195;PLACE;http://pleiades.stoa.org/places/167636;Alpes Cottiae;44.670438;7.0288105000000005;mountain;VERIFIED;natural feature|mountain;
3c5db948-a1ee-4cb1-b1b8-9d109eb3a89b;Κελτικῆς;char-offset:7232;PLACE;http://pleiades.stoa.org/places/993;Gallia;44.730982100000006;3.5988981583333333;region;VERIFIED;region;
d757a94f-9faa-4708-af52-419abee88064;πόλεως ’Ιλλυγύρεως;char-offset:7246;PLACE;;;;;;UNVERIFIED;;
e65205f0-a406-4e23-9493-59267d88be9d;Ιλλυγύρεως;char-offset:7254;PLACE;http://pleiades.stoa.org/places/246433;Ill(ib)erris/Helena|Illiberris/Illerris/Helena, Elne|Elne;42.5995;2.9726;settlement;VERIFIED;settlement;
90e4ead2-5927-41dc-b8e9-3b9d438a5135;Πυρήνῃ;char-offset:7272;PLACE;http://pleiades.stoa.org/places/246582;Pyrenaei (mountains)|Pyrenaei Mons, Pyrenees Mts.;42.67;1.0;mountain;VERIFIED;natural feature|mountain;
4746cee9-2f24-4ea3-a01d-b860e4113b93;Ἰβηρίας;char-offset:7308;PLACE;http://pleiades.stoa.org/places/1027;Hispania;42.5;-7.5;province;VERIFIED;region;
f0a3cfa6-5916-470a-acd0-044ae3de8179;Γαδείρων;char-offset:7320;PLACE;http://pleiades.stoa.org/places/256177;Gadeira/Gades/Col. Augusta Gaditana|Gades/Gadeira/Col. Augusta Gaditana, Cádiz;36.528381;-6.294444;arch,theatre,townhouse,settlement;VERIFIED;settlement;
91dc2ba3-3dcd-4668-a414-5ed8634e77ab;Γάδειρα;char-offset:7362;PLACE;http://pleiades.stoa.org/places/256177;Gadeira/Gades/Col. Augusta Gaditana|Gades/Gadeira/Col. Augusta Gaditana, Cádiz;36.528381;-6.294444;arch,theatre,townhouse,settlement;VERIFIED;settlement;
02b3de55-38c6-45bc-9826-41998de129c3;τῶν πανδοκίων;char-offset:7374;PLACE;;;;;;UNVERIFIED;;
5a0a477d-8002-4d50-9a72-e7612e560ff7;Γάγγου;char-offset:7407;PLACE;http://pleiades.stoa.org/places/59822;Ganges fl.;25.621435;86.51155633333333;river;VERIFIED;natural feature|water mass|river;
fcc4c86a-0a1b-4e15-9fe7-003f6db7448e;Γάδειρα;char-offset:7418;PLACE;http://pleiades.stoa.org/places/256177;Gadeira/Gades/Col. Augusta Gaditana|Gades/Gadeira/Col. Augusta Gaditana, Cádiz;36.528381;-6.294444;arch,theatre,townhouse,settlement;VERIFIED;settlement;
9effdfd9-9be2-47a0-ba0a-f6db4081432a;οἰκουμένης;char-offset:7475;PLACE;;;;;;UNVERIFIED;concept;
c7787e66-deba-423f-a5a4-36b67bfc3ba0;Αἰθιοπικῆς θαλάσσης;char-offset:7494;PLACE;;;;;;UNVERIFIED;;
0cc9019c-5f07-43ff-aee8-42cff2451975;Αἰθιοπικῆς;char-offset:7494;PLACE;;;;;;UNVERIFIED;natural feature|water mass|sea;
4859307e-cf36-4c66-b129-5f9fa7a66cfd;Μερόην;char-offset:7518;PLACE;http://pleiades.stoa.org/places/805630;Meroe|Meroe, Begrawiya;16.94;33.75;settlement;VERIFIED;settlement;
1a4affaf-bafd-420a-b8a5-4756e4d39dfe;Μερόης;char-offset:7541;PLACE;http://pleiades.stoa.org/places/805630;Meroe|Meroe, Begrawiya;16.94;33.75;settlement;VERIFIED;settlement;
52748935-4ca0-4d9b-be75-1f49cd296abc;Ἀλεξάνδρειαν;char-offset:7552;PLACE;http://pleiades.stoa.org/places/727070;Alexandria|Alexandria, Alexandria;31.195371;29.904133;cemetery,temple-2,architecturalcomplex,theatre,port,settlement;VERIFIED;settlement;
f75e4fa1-c819-4154-8873-b0c3886d6fe1;Ἀλεξανδρείας;char-offset:7589;PLACE;http://pleiades.stoa.org/places/727070;Alexandria|Alexandria, Alexandria;31.195371;29.904133;cemetery,temple-2,architecturalcomplex,theatre,port,settlement;VERIFIED;settlement;
e3f34520-264f-466b-814a-f114ea1fb25e;Τάναϊν;char-offset:7606;PLACE;http://pleiades.stoa.org/places/59844;Iaxartes/Silis/Tanais fl.;45.7077742;63.5889496;river;VERIFIED;natural feature|water mass|river;
ff30a3bd-c2bf-41dd-a6fe-ba6879425b2f;Τανάιδος;char-offset:7654;PLACE;http://pleiades.stoa.org/places/59844;Iaxartes/Silis/Tanais fl.;45.7077742;63.5889496;river;VERIFIED;natural feature|water mass|river;
e1d3a88f-0511-4b86-bf0a-048b9cbefefc;Ἀλεξανδρείας;char-offset:7696;PLACE;http://pleiades.stoa.org/places/727070;Alexandria|Alexandria, Alexandria;31.195371;29.904133;cemetery,temple-2,architecturalcomplex,theatre,port,settlement;VERIFIED;settlement;
0b676331-b34a-4ad4-946d-79754f041c80;Λίνδον;char-offset:7714;PLACE;http://pleiades.stoa.org/places/589913;Lindos|Lindos, Lindos;36.0913239;28.0881777;settlement,temple-2;VERIFIED;settlement;
91b33eff-feb8-4351-a327-80a8ca47a642;Λίνδον Ῥόδου;char-offset:7714;PLACE;;;;;;UNVERIFIED;;
03e5c5c5-cebb-45cd-8444-9e7c951a49c3;Ῥόδου;char-offset:7721;PLACE;http://pleiades.stoa.org/places/590031;Rhodos (island)|Rhodos Ins., Rhodos;36.195597;27.964125;island;VERIFIED;natural feature|island;
bd8c4eb8-e68b-41a5-bb56-987db6c68e1c;Θοάντιον;char-offset:7746;PLACE;http://pleiades.stoa.org/places/590079;Thoantion Pr.;34.75;26.25;cape;VERIFIED;natural feature|promontory;
5c195e48-bf2b-4159-b0c6-e8dd9737534b;῾Ρόδον;char-offset:7774;PLACE;http://pleiades.stoa.org/places/590031;Rhodos (island)|Rhodos Ins., Rhodos;36.195597;27.964125;island;VERIFIED;natural feature|island;
ed4a1338-41a8-45d0-b626-8a9f3d0ce5fc;Τῆλον;char-offset:7795;PLACE;http://pleiades.stoa.org/places/599961;Telos (island)|Telos Ins., Tilos;36.43919;27.31749;island;VERIFIED;natural feature|island;
ee251aaa-d7d3-404b-8031-ec64717e7f6d;Λακτῆρα τῆς Κῴας;char-offset:7816;PLACE;;;;;;UNVERIFIED;;
4315868a-55da-45c0-a6f4-2e652b6b97f8;Λακτῆρα;char-offset:7816;PLACE;http://pleiades.stoa.org/places/599748;Lak(e)ter Pr.|Laketer Pr./Lakter Pr., on Kos;36.7578;27.1123;cape;VERIFIED;natural feature|promontory;
2b74d90d-f802-446c-856c-924145c887a2;Κῴας;char-offset:7828;PLACE;http://pleiades.stoa.org/places/599581;Kos/Cos (island)|Kos/Cos, Kos;36.844;27.17;island;VERIFIED;natural feature|island;
9e0e48bd-17a9-41ec-aa3b-e40ecce8423d;Δρέπανον;char-offset:7849;PLACE;http://pleiades.stoa.org/places/462187;Drepanum|Drepanum, Trapani;38.017128;12.51782;settlement,port;VERIFIED;natural feature|promontory;
3e8c230b-d77a-450e-8e92-34c210a2546c;Δρέπανον Κῴας;char-offset:7849;PLACE;;;;;;UNVERIFIED;;
ac681aef-5bd5-46a5-8b3c-d0b2a5064ecf;Κῴας;char-offset:7858;PLACE;http://pleiades.stoa.org/places/599581;Kos/Cos (island)|Kos/Cos, Kos;36.844;27.17;island;VERIFIED;natural feature|island;
9d0d2b21-fbc5-4ec3-aa45-d772a8988bf2;Ἀρκίτιν νῆσον;char-offset:7877;PLACE;;;;;;UNVERIFIED;;
06fd2bfb-7411-45a0-a88a-c9b12a7c11ca;Ἀρκίτιν;char-offset:7877;PLACE;http://pleiades.stoa.org/places/599477;Akrite (island)|Akrite Ins., Arkoi;37.4125411;26.7185965;island;VERIFIED;natural feature|island;
10eac610-f9e1-48b3-9792-207397fc3521;Κορσίας;char-offset:7906;PLACE;http://pleiades.stoa.org/places/599726;Korsiai (islands)|Korsiai Inss., Phournoi;37.566667;26.5;island,archipelago;VERIFIED;natural feature|island;
965aa977-f62f-46b9-983e-3aa48d3a8a23;Σαμίων;char-offset:7921;PLACE;http://pleiades.stoa.org/places/599926;Samos (island)|Samos Ins., Samos;37.73;26.84;island;VERIFIED;;#documentation: this and similar instances are not marked as ethnos because they do not indicate a location, but are used as attributes for other places.
aa539bd5-a289-46f5-b9e3-bcc9cbf82594;Σαμίων
Ἄμπελον;char-offset:7921;PLACE;;;;;;UNVERIFIED;;
3e77c814-3155-42d6-8692-916421d40045;Ἄμπελον;char-offset:7928;PLACE;http://pleiades.stoa.org/places/599487;Ampelos Pr.|Ampelos Pr., Aspro Kabo, Samos;37.64653;26.88089;cape;VERIFIED;;
e0be2872-6f16-4c25-a1b4-8dc5a1aa2bb4;Αἰγαῖον;char-offset:7953;PLACE;http://pleiades.stoa.org/places/560221;Aegaeum Mare;37.42245628773585;25.8829628235849;water-open;VERIFIED;natural feature|water mass|sea;
fc2ab71b-6e8e-40d9-86cc-67dcf7878e68;Ἄργεννον;char-offset:7961;PLACE;http://pleiades.stoa.org/places/550448;Argennon Pr.|Argennon Pr., Ak Burun;38.265;26.235;cape;VERIFIED;natural feature|promontory;
907c5dec-2bf8-4504-8fb1-cea4d410c562;Αἰγαίου;char-offset:7979;PLACE;http://pleiades.stoa.org/places/560221;Aegaeum Mare;37.42245628773585;25.8829628235849;water-open;VERIFIED;natural feature|water mass|sea;
ad44eff1-d201-4711-9789-7596c018b134;Ἐρυθραῖον Κορυναῖον;char-offset:8004;PLACE;http://pleiades.stoa.org/places/550505;Corynaeum? Pr.|Corynaeum? Pr., Çolak Burnu;38.44509;26.39658;cape;VERIFIED;natural feature|promontory;
a8bcd3a4-e91d-4d75-93bc-cbd78396ddda;Φλίον;char-offset:8039;PLACE;http://pleiades.stoa.org/places/550820;Phanai Pr.|Phanai Pr., Mastikho;38.14667;26.0125;cape;VERIFIED;natural feature|promontory;
6ac3b7f8-927b-43a3-bad5-c39b7dbb2635;Φλίον ἄκρον;char-offset:8039;PLACE;;;;;;UNVERIFIED;;
955a98c9-095a-4aa2-a346-aaaadfa65374;Φλίον ἄκρον
Χίου;char-offset:8039;PLACE;;;;;;UNVERIFIED;;
dc1601ad-2155-4f24-9451-bb4b84b83bd1;Χίου;char-offset:8051;PLACE;http://pleiades.stoa.org/places/550497;Chios (island)|Chios Ins., Chios;38.414;26.053;island;VERIFIED;natural feature|island;
18a74363-47d5-4f6e-9e26-6287f1251ed1;Μελανέα;char-offset:8070;PLACE;http://pleiades.stoa.org/places/550715;Malia Pr.|Malia Pr., Agrelias, Lesbos;39.00925;26.60745;cape;VERIFIED;natural feature|promontory;
c6e14905-da51-4910-99a7-5554afd28fea;Μελανέα ἄκρον Λέσβου;char-offset:8070;PLACE;;;;;;UNVERIFIED;;
6c8dc706-dfc3-4da7-9555-29dcab456d69;Λέσβου;char-offset:8084;PLACE;http://pleiades.stoa.org/places/550696;Lesbos (island)|Lesbos Ins., Lesbos;39.20874;26.10052;island;VERIFIED;natural feature|island;
466996cc-8129-4a17-ab78-341534c5ef92;Σίγριον;char-offset:8107;PLACE;http://pleiades.stoa.org/places/550879;Sigrion Pr.|Sigrion Pr., Sigri;39.18879;25.8317;cape;VERIFIED;natural feature|promontory;
a1967285-0aa7-4c15-aeee-76d9f71e1e92;Σίγριον
Λέσβου;char-offset:8107;PLACE;;;;;;UNVERIFIED;;
15ce8d15-86c3-40b3-9d84-6cdd7f3a51c2;Λέσβου;char-offset:8115;PLACE;http://pleiades.stoa.org/places/550696;Lesbos (island)|Lesbos Ins., Lesbos;39.20874;26.10052;island;VERIFIED;natural feature|island;
dd371f72-5554-4b52-8a93-d76d6ef5e7c4;Τένεδον;char-offset:8136;PLACE;http://pleiades.stoa.org/places/550912;Tenedos (island)|Tenedos Ins., Bozcaada;39.816667;26.05;island;VERIFIED;natural feature|island;
aab2633c-0dca-41d2-88a1-a53e6c5b3018;Τένεδον νῆσον;char-offset:8136;PLACE;;;;;;UNVERIFIED;;
9f6d6145-2f61-4917-8116-c707d0b2eda0;Σίγειον;char-offset:8165;PLACE;http://pleiades.stoa.org/places/550878;Sigeion Pr.|Sigeion Pr., Kumkale;40.00867;26.19813;cape;VERIFIED;natural feature|promontory;
b8074f67-b9ed-45fc-b724-bb6251c5dcd9;στόμα Πόντου;char-offset:8187;PLACE;;;;;;UNVERIFIED;;
6236189c-68a0-41e9-b3b9-e18d4ef46f30;Πόντου;char-offset:8193;PLACE;http://pleiades.stoa.org/places/1224;Pontus Euxinus;43.0786852;34.7425505;water-open;VERIFIED;natural feature|water mass;
c646a81b-5d09-4b91-b28c-60dc2847a2ae;Κάραμβιν;char-offset:8216;PLACE;http://pleiades.stoa.org/places/844971;Karambis|Karambis Pr., Kerembe burnu;42.016667;33.35;cape;VERIFIED;natural feature|promontory;
86fde57b-a0fb-4043-be53-0e88f6753cf2;στόμα
Μαιώτιδος;char-offset:8241;PLACE;;;;;;UNVERIFIED;natural feature;
75a54d92-f29d-41b6-8f22-cdba9958288d;Μαιώτιδος;char-offset:8247;PLACE;http://pleiades.stoa.org/places/825318;Maeotis;45.814417000000006;35.862586;water-open;VERIFIED;natural feature|water mass|lake;
b163048b-8acd-4827-a1d3-52d8f44a9c1f;Τάναϊν;char-offset:8273;PLACE;http://pleiades.stoa.org/places/59844;Iaxartes/Silis/Tanais fl.;45.7077742;63.5889496;river;VERIFIED;natural feature|water mass|river;
5d1598a5-9342-4e09-8acb-4891aa1f57d4;πόλεως;char-offset:8305;PLACE;;;;;;UNVERIFIED;settlement;
ffe56cad-26a0-49b9-a63b-d7a59e745f0f;πόλιν;char-offset:8316;PLACE;;;;;;UNVERIFIED;settlement;
171331fd-0c06-4c84-8864-a0968658f8ca;Ἀλεξανδρείας;char-offset:8327;PLACE;http://pleiades.stoa.org/places/727070;Alexandria|Alexandria, Alexandria;31.195371;29.904133;cemetery,temple-2,architecturalcomplex,theatre,port,settlement;VERIFIED;settlement;
25ee9fe6-5c17-4722-866a-f991914609fc;Ῥόδον;char-offset:8344;PLACE;http://pleiades.stoa.org/places/590031;Rhodos (island)|Rhodos Ins., Rhodos;36.195597;27.964125;island;VERIFIED;natural feature|island;
99de749c-0f18-4097-beb4-f81840309b7b;Κνίδον;char-offset:8367;PLACE;http://pleiades.stoa.org/places/599575;Cnidus|Knidos/Cnidus, Tekir;36.686188;27.37404;settlement;VERIFIED;settlement;
97731a75-d6e2-44d8-b420-6f45d66d3afc;Κῶ;char-offset:8388;PLACE;http://pleiades.stoa.org/places/599581;Kos/Cos (island)|Kos/Cos, Kos;36.844;27.17;island;VERIFIED;natural feature|island;
9c99296a-4c85-4219-b78f-3fa7643b35cb;Σάμον;char-offset:8405;PLACE;http://pleiades.stoa.org/places/599926;Samos (island)|Samos Ins., Samos;37.73;26.84;island;VERIFIED;natural feature|island;
de2371b4-b39a-49a0-a610-989198a1a2a7;Χίον;char-offset:8425;PLACE;http://pleiades.stoa.org/places/550497;Chios (island)|Chios Ins., Chios;38.414;26.053;island;VERIFIED;natural feature|island;
f9901b77-052f-42a8-ae78-ea33303ea238;Μιτυλήνην;char-offset:8445;PLACE;http://pleiades.stoa.org/places/550763;Mytilene|Mytilene, Mitiline;39.110475;26.547048;settlement,aqueduct;VERIFIED;settlement;
0dcc7f4f-f60b-43c1-945e-b2235eaacfa8;Τένεδον;char-offset:8470;PLACE;http://pleiades.stoa.org/places/550912;Tenedos (island)|Tenedos Ins., Bozcaada;39.816667;26.05;island;VERIFIED;natural feature|island;
5dc5e273-b0f1-47ea-aefd-d624a1991e0e;Σίγειον;char-offset:8487;PLACE;http://pleiades.stoa.org/places/550878;Sigeion Pr.|Sigeion Pr., Kumkale;40.00867;26.19813;cape;VERIFIED;natural feature|promontory;
4d115c93-f09c-4c1d-971e-97da2bcbbcb6;στόμα
Πόντου;char-offset:8505;PLACE;;;;;;UNVERIFIED;natural feature;
cab9c36c-cd6c-4401-8a9c-f990fa38dbd1;Πόντου;char-offset:8511;PLACE;http://pleiades.stoa.org/places/1224;Pontus Euxinus;43.0786852;34.7425505;water-open;VERIFIED;natural feature|water mass;
805cdde3-ee02-48f9-98ef-963549a41071;Κάραμβιν;char-offset:8527;PLACE;http://pleiades.stoa.org/places/844971;Karambis|Karambis Pr., Kerembe burnu;42.016667;33.35;cape;VERIFIED;natural feature|promontory;
78107cbd-c90d-43a7-8704-7dc4c53231f1;στόμα Μαιώτιδος;char-offset:8545;PLACE;;;;;;UNVERIFIED;natural feature;
91a5a9da-2115-44c8-8865-ec55a291e557;Μαιώτιδος;char-offset:8551;PLACE;http://pleiades.stoa.org/places/825318;Maeotis;45.814417000000006;35.862586;water-open;VERIFIED;natural feature|water mass|lake;
0daa2ced-89f4-4731-98db-18af4eca71b2;Τάναϊν;char-offset:8570;PLACE;http://pleiades.stoa.org/places/59844;Iaxartes/Silis/Tanais fl.;45.7077742;63.5889496;river;VERIFIED;natural feature|water mass|river;
a039a810-7f67-4f9a-8332-4f52b6828f0c;Τάναϊν
ποταμὸν;char-offset:8570;PLACE;;;;;;UNVERIFIED;;
2a1d2d21-d096-4962-a56b-fb72dea014a9;Ἀλεξανδρείας;char-offset:8600;PLACE;http://pleiades.stoa.org/places/727070;Alexandria|Alexandria, Alexandria;31.195371;29.904133;cemetery,temple-2,architecturalcomplex,theatre,port,settlement;VERIFIED;settlement;
9b46b2f7-a92d-4470-a66f-b8b6edf95518;Τανάιδος;char-offset:8617;PLACE;http://pleiades.stoa.org/places/59844;Iaxartes/Silis/Tanais fl.;45.7077742;63.5889496;river;VERIFIED;natural feature|water mass|river;
a42c0ca7-4eab-4490-9450-e43e9316ec8a;Ἀρτεμιδώρου;char-offset:8717;PERSON;;;;;;;;
582734f7-37bc-4161-bcc7-c1457023b768;Μενίππου;char-offset:8734;PERSON;;;;;;;;
407de737-733c-4477-b006-1231ee7699d0;Γάδειρα;char-offset:8766;PLACE;http://pleiades.stoa.org/places/256177;Gadeira/Gades/Col. Augusta Gaditana|Gades/Gadeira/Col. Augusta Gaditana, Cádiz;36.528381;-6.294444;arch,theatre,townhouse,settlement;VERIFIED;settlement;
601d1c5f-8c95-4156-bf15-039006805ae3;῾Ηρακλείους
στήλας;char-offset:8821;PLACE;http://pleiades.stoa.org/places/275614;Columnae Herculis;35.9358335;-5.384583;cape;VERIFIED;;
0d294be1-721c-4e63-ad9a-f35dc2b5f66f;στήλας;char-offset:8833;PLACE;;;;;;UNVERIFIED;;
849a7888-e1c0-41c9-83f7-bdcbb9415ada;Ἰβηρικῷ;char-offset:8885;PLACE;http://pleiades.stoa.org/places/246419;Hispanum/(H)Ibericum Mare;40.0000001;1.9999999;water-open;VERIFIED;natural feature|water mass|sea;
5dd25c64-c2fd-4d3f-b518-00f75b79dd45;Ἰβηρικῷ
πελάγει;char-offset:8885;PLACE;;;;;;UNVERIFIED;;
70500197-97a2-4057-bf61-93529d0a6f17;νῆσοι Πιτυοῦσσαι;char-offset:8901;PLACE;;;;;;UNVERIFIED;;
c13ecf8b-d0a3-4ee9-8120-ddd61b0a014d;Πιτυοῦσσαι;char-offset:8907;PLACE;http://pleiades.stoa.org/places/266001;Pityussae Inss.;39.36121435;1.4532148999999999;archipelago;VERIFIED;natural feature|island;
0ed3918b-36ab-42a8-86fe-a34f150759f5;ἡ μείζων;char-offset:8918;PLACE;;;;;;UNVERIFIED;natural feature|island;
67adedcd-2493-4762-87b8-6cec37a651b5;ἡ δὲ ἐλάττων;char-offset:8958;PLACE;;;;;;UNVERIFIED;natural feature|island;
0e4292bc-a545-42e5-9265-96d8ba44b7c3;Γυμνασίων ἃς Καρχηδόνιοι Βαλιαρίας
καλοῦσιν;char-offset:8989;PLACE;;;;;;UNVERIFIED;;
e8a412d8-c566-4b17-bc10-3be18d5a46e2;Γυμνασίων;char-offset:8989;PLACE;http://pleiades.stoa.org/places/265817;Baliares/Gymnesiae Inss. (Maior et Minor)|Baliares Inss./Gymnesiae Inss., Islas Baleares;39.5;3.0;archipelago;VERIFIED;natural feature|island;
eb2216de-0f5e-46f1-a9a1-0094e229bf37;Καρχηδόνιοι;char-offset:9002;PLACE;;;;;;UNVERIFIED;;
b19c2ddd-0358-4360-b506-99eb97104294;Βαλιαρίας;char-offset:9014;PLACE;http://pleiades.stoa.org/places/265817;Baliares/Gymnesiae Inss. (Maior et Minor)|Baliares Inss./Gymnesiae Inss., Islas Baleares;39.5;3.0;archipelago;VERIFIED;natural feature|island;
9138de1e-5995-4b40-b62e-1d1732d95f21;Βαλιαρεῖς;char-offset:9071;PLACE;http://pleiades.stoa.org/places/265817;Baliares/Gymnesiae Inss. (Maior et Minor)|Baliares Inss./Gymnesiae Inss., Islas Baleares;39.5;3.0;archipelago;VERIFIED;natural feature|island;This is a place name related to the preceding string. How do we annotate that without overload?
fbbde8c3-434f-4462-96b2-9829d24406a3;ἡ μείζων;char-offset:9082;PLACE;;;;;;UNVERIFIED;natural feature|island;
d0e80612-6067-4dcc-80d2-2dbef8b9a124;ἡ ἐλάττων;char-offset:9128;PLACE;;;;;;UNVERIFIED;natural feature|island;
2284805b-ec40-45ca-9af1-a8d01862aa33;Στοιχάδες;char-offset:9156;PLACE;http://pleiades.stoa.org/places/157929;Stoechades (islands);43.009435425;6.3633469;island,archipelago;VERIFIED;natural feature|island;
13f059c8-f11b-4ef0-8554-2a5652f932b0;Μασσαλιακῶν
πόλεων;char-offset:9212;PLACE;;;;;;UNVERIFIED;;
cbf3a4e8-41d4-491d-a1e0-b7da3061bc31;Μασσαλιακῶν;char-offset:9212;PLACE;;;;;;UNVERIFIED;settlement;
2da0f312-8ddd-41b2-ba19-c89b1d5c0924;αἱ μὲν μείζους τρεῖς;char-offset:9231;PLACE;;;;;;UNVERIFIED;natural feature|island;
5f6a2361-c6b5-4459-aefb-3b49d3c6c960;δύο δὲ μικραὶ;char-offset:9252;PLACE;;;;;;UNVERIFIED;natural feature|island;
100cd1f2-8374-43b2-9411-a4e5fbd5c52e;Μασσαλίας;char-offset:9279;PLACE;http://pleiades.stoa.org/places/148127;Massalia/Massilia|Massalia/Massilia, Marseille|Marseille;43.299467;5.365307;settlement;VERIFIED;settlement;
7c07c2b5-33e4-4150-9fde-2b7a554dedbe;Σαρδὼ;char-offset:9295;PLACE;http://pleiades.stoa.org/places/472014;Sardinia (island);40.07256202831716;8.897134151294493;island;VERIFIED;natural feature|island;
3407ea5f-5b19-455f-9a5f-0531a276a945;Κύρνος;char-offset:9353;PLACE;http://pleiades.stoa.org/places/472063;Corsica/Kyrnos (island);42.103331615555554;9.200077440000001;island;VERIFIED;natural feature|island;
c004089b-8b40-405d-8927-5a669b25629d;Σαρδοῦς;char-offset:9366;PLACE;http://pleiades.stoa.org/places/472014;Sardinia (island);40.07256202831716;8.897134151294493;island;VERIFIED;natural feature|island;
f8f1ec53-1d9d-43b2-9ef4-df97ad43e513;Σαρδοῦς;char-offset:9414;PLACE;http://pleiades.stoa.org/places/472014;Sardinia (island);40.07256202831716;8.897134151294493;island;VERIFIED;natural feature|island;
ab29d218-9bcd-4dc3-88f7-40fe6fa1d8a9;Σαρδὼ;char-offset:9452;PLACE;http://pleiades.stoa.org/places/472014;Sardinia (island);40.07256202831716;8.897134151294493;island;VERIFIED;natural feature|island;
af915843-cebe-425a-815a-1302a30cffef;Κύρνον;char-offset:9462;PLACE;http://pleiades.stoa.org/places/472063;Corsica/Kyrnos (island);42.103331615555554;9.200077440000001;island;VERIFIED;natural feature|island;
dee2ec50-bf7d-49fc-91a4-f509a68bcd08;Ποπουλώνιον τῆς Τυρσηνίας;char-offset:9469;PLACE;;;;;;UNVERIFIED;;
c99339d4-7de2-43ad-922e-4c54dba81d10;Ποπουλώνιον;char-offset:9469;PLACE;http://pleiades.stoa.org/places/403212;Fufluna/Populonium|Fufluna/Populonium, Populonia, Piombino;42.988066;10.489679;settlement,cemetery,mine;VERIFIED;settlement;
9fef0565-ca60-4f34-b256-428bf4dfcc83;Τυρσηνίας;char-offset:9485;PLACE;http://pleiades.stoa.org/places/413122;Etruria/Tuscia;42.42106799642196;11.754185895075311;region;VERIFIED;region;
0a3d51fb-ae1f-4cb5-8094-4dcd78890a75;Σιλεκίας;char-offset:9526;PLACE;http://pleiades.stoa.org/places/462492;Sicilia (island);37.47230988464223;14.258442358012013;island;VERIFIED;natural feature|island;conversion error in the name. Sikelias.
6110551c-c1de-48c0-b17a-4264545d5533;Πελώρου ἄκρου;char-offset:9625;PLACE;;;;;;UNVERIFIED;;
a5002cdc-6fc6-4147-bdd0-041428b15278;Πελώρου;char-offset:9625;PLACE;http://pleiades.stoa.org/places/462416;Pelorus/Regium Pr.|Pelorus/Regium Pr., Capo Peloro;38.26816;15.6507;cape;VERIFIED;natural feature|promontory;
30c21f19-1219-45c6-be47-221632adf469;Ἰταλίαν;char-offset:9643;PLACE;http://pleiades.stoa.org/places/1052;Italia;42.5;12.5;region;VERIFIED;region;
da3ddf5a-f7af-497b-8634-678ca2b4b4c4;Πελώρου;char-offset:9687;PLACE;http://pleiades.stoa.org/places/462416;Pelorus/Regium Pr.|Pelorus/Regium Pr., Capo Peloro;38.26816;15.6507;cape;VERIFIED;natural feature|promontory;
f9877811-90f6-46cd-a14e-7b1eaf6f63d6;Πάχυνον;char-offset:9699;PLACE;http://pleiades.stoa.org/places/462405;Pachynum Pr.|Pachynum Pr., Capo Passero;36.68882;15.15171;cape;VERIFIED;natural feature|promontory;
c3afc806-38a6-4038-a524-eb9291f98e52;Παχύνου;char-offset:9724;PLACE;http://pleiades.stoa.org/places/462405;Pachynum Pr.|Pachynum Pr., Capo Passero;36.68882;15.15171;cape;VERIFIED;natural feature|promontory;
72c037f4-e965-40ce-adfd-796571a7b245;Λιλύβαιον;char-offset:9736;PLACE;http://pleiades.stoa.org/places/462282;Lilybaeum Pr.|Lilybaeum Pr., Capo Boeo, Marsala;37.8025;12.425278;cape;VERIFIED;natural feature|promontory;
b572cb55-fa36-4b38-9ac8-74aa037d0f20;Λιλυβαίου;char-offset:9778;PLACE;http://pleiades.stoa.org/places/462282;Lilybaeum Pr.|Lilybaeum Pr., Capo Boeo, Marsala;37.8025;12.425278;cape;VERIFIED;natural feature|promontory;
4e27eb51-ae61-415b-917b-ac028a81b6fd;Πελωριάδα;char-offset:9792;PLACE;http://pleiades.stoa.org/places/462416;Pelorus/Regium Pr.|Pelorus/Regium Pr., Capo Peloro;38.26816;15.6507;cape;VERIFIED;natural feature|promontory;
a745859e-f1d3-4897-9743-ac31d0c2f167;Λιλυβαίου;char-offset:9818;PLACE;http://pleiades.stoa.org/places/462282;Lilybaeum Pr.|Lilybaeum Pr., Capo Boeo, Marsala;37.8025;12.425278;cape;VERIFIED;natural feature|promontory;
0f0066db-6e1b-4702-bb54-6f43faa69b4e;Ἀσπίδα;char-offset:9841;PLACE;http://pleiades.stoa.org/places/314892;Aspis/Clipea|Aspis/Clipea, Kélibia;36.838512;11.115794;settlement;VERIFIED;natural feature|peninsula;
e1ec88e4-a3c6-4bfa-ad49-6f23d8528381;Ἀσπίδα τῆς Λιβύης;char-offset:9841;PLACE;;;;;;UNVERIFIED;;
c3a19787-8a65-4365-a93a-5638d9bf8eed;Λιβύης;char-offset:9852;PLACE;http://pleiades.stoa.org/places/315268;Zeugitana;37.25;9.25;region;VERIFIED;region;
1667ea55-30d3-42bc-bc7e-9b385948fc0c;Κέρκινα νῆσος;char-offset:9877;PLACE;;;;;;UNVERIFIED;;
96c48f14-1ce1-4467-96ba-1c728002d663;Κέρκινα;char-offset:9877;PLACE;http://pleiades.stoa.org/places/324690;Cercina Ins.|Cercina Ins., Grand Kerkenna;34.7865653;11.2342661;island;VERIFIED;natural feature|island;
94c92353-5dcb-4416-b311-309151f81de7;πόλεως ἠπειρωτικῆς Θεήνης;char-offset:9958;PLACE;;;;;;UNVERIFIED;;
5342bb5a-c25b-4db4-8f87-47f527aec2d8;ἠπειρωτικῆς Θεήνης;char-offset:9965;PLACE;;;;;;UNVERIFIED;;
e6c9cb7d-bde9-4a01-b33d-666df4c0c220;Θεήνης;char-offset:9977;PLACE;http://pleiades.stoa.org/places/324825;Thaenae|Thaenae, Henchir-Thina;34.65026;10.68578;settlement;VERIFIED;settlement;
ab904dfe-7b9c-4e0d-95e6-fdba87656b6f;μικρᾶς Σύρτιδος;char-offset:9997;PLACE;http://pleiades.stoa.org/places/344492;Syrtis Minor;34.0;10.416667;water-open;VERIFIED;natural feature|island;
ab256801-9f5f-4014-a64d-e0d648a16443;Κερκίνῃ;char-offset:10034;PLACE;http://pleiades.stoa.org/places/324690;Cercina Ins.|Cercina Ins., Grand Kerkenna;34.7865653;11.2342661;island;VERIFIED;natural feature|island;
cbeac8b1-e98d-4208-95a2-089c6a85a3d9;νῆσος Καρκινῖτις;char-offset:10053;PLACE;;;;;;UNVERIFIED;;
2cf67ea9-8a29-4a2e-8cce-e2280c7d4f56;Καρκινῖτις;char-offset:10059;PLACE;http://pleiades.stoa.org/places/226658;Kerkinitis?|Kerkinitis?, Kerkinitis?;45.203672;33.361389;settlement;VERIFIED;natural feature|island;
f1967bce-335c-46ac-966a-2a6f89fe0ee5;Κερκίνης;char-offset:10132;PLACE;http://pleiades.stoa.org/places/324690;Cercina Ins.|Cercina Ins., Grand Kerkenna;34.7865653;11.2342661;island;VERIFIED;natural feature|island;
b9c4b47a-4c04-4318-b3c5-078577e686c1;νῆσον Μήνιγγα τὴν Λωτοφαγῖτιν;char-offset:10145;PLACE;;;;;;UNVERIFIED;;
71440f68-e171-45b9-b681-93d64fcd3af8;Μήνιγγα τὴν Λωτοφαγῖτιν;char-offset:10151;PLACE;http://pleiades.stoa.org/places/344440;Meninx/Lotophagitis/Girba Ins.|Girba?|Girba?, Houmt-Souk|Meninx Ins./Lotophagitis Ins./Girba Ins., Djerba;33.874783;10.859558;island,settlement;VERIFIED;natural feature|island;
775d9924-78cd-498d-8e07-b0dfa31607ec;τῆς μικρᾶς λέγεται Σύρτιδος;char-offset:10201;PLACE;http://pleiades.stoa.org/places/344492;Syrtis Minor;34.0;10.416667;water-open;VERIFIED;natural feature|island;
6b13f114-c6f1-4911-9a84-51d9b66d725b;τῆς μικρᾶς λέγεται Σύρτιδος τὸ στόμα;char-offset:10201;PLACE;;;;;;UNVERIFIED;natural feature;
5da3d5f1-d124-4d40-ade7-5816667b5a72;Μῆνιγξ;char-offset:10245;PLACE;http://pleiades.stoa.org/places/344440;Meninx/Lotophagitis/Girba Ins.|Girba?|Girba?, Houmt-Souk|Meninx Ins./Lotophagitis Ins./Girba Ins., Djerba;33.874783;10.859558;island,settlement;VERIFIED;natural feature|island;
0f7564ea-3f48-475c-baee-21849533e828;Κεφαλληνία;char-offset:10329;PLACE;http://pleiades.stoa.org/places/530826;Cephallania (island)|Cephallania Ins., Kephallenia;38.2;20.59;island;VERIFIED;natural feature|island;
c3189b6c-750c-483c-bf86-ec6756ee75a1;Κεφαλληνία νῆσος τετράπολις;char-offset:10329;PLACE;;;;;;UNVERIFIED;settlement;
c38ccd9f-e898-4661-ad37-f424abc746fb;Κεφαλληνία νῆσος;char-offset:10329;PLACE;;;;;;UNVERIFIED;;
7cdac722-510b-4f3b-83a2-c6f9168e8f3a;Ἀδρίᾳ;char-offset:10393;PLACE;http://pleiades.stoa.org/places/1043;Internum Mare;36.79091450972222;16.501668473611108;water-open;VERIFIED;natural feature|water mass|sea;
8996f4f0-ee4a-4797-9833-b4e522bd0c7f;νῆσοι παρὰ τὴν Ἰλλυρίδα;char-offset:10399;PLACE;;;;;;NOT_IDENTIFIABLE;natural feature|island;
b0d4e293-9e77-433e-8eb2-f4d8b86fe0ef;Ἰλλυρίδα;char-offset:10414;PLACE;http://pleiades.stoa.org/places/481865;Illyricum;42.42714848333334;17.964516466666666;province;VERIFIED;region;
c36b3242-983c-4976-8ba9-2bf0fb41c844;Ἴσση;char-offset:10439;PLACE;http://pleiades.stoa.org/places/197329;Issa (island);43.04693917338669;16.15734234623059;island;VERIFIED;natural feature|island;
e64cdc93-e9e8-498d-9592-1c79d2202fc3;ἡ μέλαινα Κόρκυρα;char-offset:10448;PLACE;http://pleiades.stoa.org/places/197224;Corcyra Nigra Ins.|Corcyra Nigra Ins., Korčula;42.94787;17.00898;island;VERIFIED;natural feature|island;
1a87ca26-4024-452e-ad9f-0d2c3d1e402a;Φάρος;char-offset:10470;PLACE;http://pleiades.stoa.org/places/727197;Pharos|Pharos, Pharos, Alexandria;31.213931;29.885661;lighthouse;VERIFIED;settlement;
b6142324-88fd-47a1-800c-1cdd56909ab1;Μελίτη;char-offset:10480;PLACE;http://pleiades.stoa.org/places/462311;Melita/Malta (island);35.87373581000001;14.448744269999997;island;VERIFIED;natural feature|island;
11b5e826-8233-44d2-8e35-c3b6140df40c;Πελοποννήσου;char-offset:10516;PLACE;http://pleiades.stoa.org/places/570577;Peloponnesus/Peloponnesos/Peloponnese;37.25289777692308;22.312752688461543;peninsula,region;VERIFIED;natural feature;
5f0cb449-4fcc-4a50-8620-7c10cff2e36d;κόλπων;char-offset:10552;PLACE;;;;;;UNVERIFIED;natural feature|water mass|gulf;
b00faf5a-cbb6-4498-bb1a-a5db68de7824;Μαλέας;char-offset:10651;PLACE;http://pleiades.stoa.org/places/570455;Malea Pr.|Malea Pr., Akr. Maleas;36.43603;23.19975;cape;VERIFIED;natural feature|promontory;
8a80d2eb-102b-4b7d-b072-4e4d0e63ef33;Αἰγίου;char-offset:10662;PLACE;http://pleiades.stoa.org/places/570049;Aigion|Aigion, Aigio;38.252707;22.081952;settlement;VERIFIED;;
8539a57b-6fcd-4f53-afcc-8cdce19c2314;κόλποις;char-offset:10717;PLACE;;;;;;UNVERIFIED;natural feature|water mass|gulf;
0da80c78-6761-4e92-88f4-d003cfeed73b;Κορινθίων ἰσθμὸν;char-offset:10768;PLACE;http://pleiades.stoa.org/places/570317;Isthmos;37.9510881;22.9602226;isthmus;VERIFIED;natural feature|isthmus;
ab575aa5-0178-4ea0-9bc8-27285d682001;Κορινθίου
κόλπου;char-offset:10810;PLACE;;;;;;UNVERIFIED;;
89146b8d-ecdb-4fb8-afbe-8759767b9674;Κορινθίου;char-offset:10810;PLACE;http://pleiades.stoa.org/places/570181;Corinthiacus Sinus;38.175407050000004;22.395744800000003;water-open;VERIFIED;natural feature|water mass|gulf;
f615c290-7721-42cf-8490-9db29594237d;Σαρωνικοῦ;char-offset:10831;PLACE;http://pleiades.stoa.org/places/570654;Saronicus Sinus;37.77606943333334;23.46300815833333;water-open;VERIFIED;natural feature|water mass|gulf;
bb20b4a8-64f9-483b-9e29-42826cbf855b;Σκύλλαιον ἄκρον;char-offset:10849;PLACE;;;;;;UNVERIFIED;;
20aedd32-32b6-4446-8e24-9ed7c3f9d457;Σκύλλαιον;char-offset:10849;PLACE;http://pleiades.stoa.org/places/452438;Scyllaeum Pr.|Scyllaeum Pr., Rocca di Scilla;38.25615;15.7145;cape;VERIFIED;natural feature|promontory;
e50a740d-5dce-4d4a-a4df-d6029f86296e;νῆσος  Καλαυρία;char-offset:10893;PLACE;;;;;;UNVERIFIED;;
d2cf70e4-26b0-4396-a5e6-bb5cc0564968;Καλαυρία;char-offset:10900;PLACE;http://pleiades.stoa.org/places/570325;Kalaureia Ins.|Poseidon, Agios Nektarios, Poros|Kalaureia Ins., Poros;37.52255;23.48041;island;VERIFIED;natural feature|island;
7e144cb2-d8bf-4e6e-9f3b-0fdbfa2140b3;Ἀργολικὸς;char-offset:10936;PLACE;http://pleiades.stoa.org/places/570103;Argolicus Sinus;37.500864;22.728648;water-open;VERIFIED;natural feature|water mass|gulf;
17c14171-2c05-4979-a21d-f2381d80b9c9;Ἀργολικὸς
κόλπος;char-offset:10936;PLACE;;;;;;UNVERIFIED;;
dd686071-89ab-4120-8336-64f3b89632ae;Μαλέας ἄκρου;char-offset:10959;PLACE;;;;;;UNVERIFIED;;
1cb3dd92-7a03-4c1a-af01-0922a3e91bbf;Μαλέας;char-offset:10959;PLACE;http://pleiades.stoa.org/places/570455;Malea Pr.|Malea Pr., Akr. Maleas;36.43603;23.19975;cape;VERIFIED;natural feature|promontory;
6f623691-3a34-4f79-ad59-0c96cba9ed56;πέλαγος;char-offset:10995;PLACE;;;;;;UNVERIFIED;natural feature|water mass|sea;
da63991a-505d-42ad-8aa2-87419236bfe4;Ἑρμιονικὸς κόλπος;char-offset:11011;PLACE;;;;;;UNVERIFIED;;
49d687cd-e0db-47ad-ac6f-7435af211c66;Ἑρμιονικὸς;char-offset:11011;PLACE;;;;;;UNVERIFIED;natural feature|water mass|gulf;
d3d1d30b-fb8a-4c85-8f03-32545547e51e;Μαλέαν;char-offset:11043;PLACE;http://pleiades.stoa.org/places/570455;Malea Pr.|Malea Pr., Akr. Maleas;36.43603;23.19975;cape;VERIFIED;natural feature|promontory;
f957771a-0b9f-4fb9-a436-707b247a8998;Λακωνικὸς κόλπος;char-offset:11050;PLACE;;;;;;UNVERIFIED;;
ec48eb0f-f02f-4890-b1a6-e128e3eb2ac5;Λακωνικὸς;char-offset:11050;PLACE;http://pleiades.stoa.org/places/570407;Laconicus Sinus;36.66;22.71;water-open;VERIFIED;natural feature|water mass|gulf;
4e1e981b-a9f0-4aaa-a75b-7ea103c1fdae;Ταινάρου;char-offset:11071;PLACE;http://pleiades.stoa.org/places/570703;Tainaron Pr.|Tainaron Pr., Akr. Tainaron;36.3856534;22.4831905;cape;VERIFIED;natural feature|promontory;
e422f106-9a0c-4e57-afe7-eac8a4ed83d8;Μεσσηνιακόν;char-offset:11120;PLACE;http://pleiades.stoa.org/places/570123;Asinaeus/Coronaeus Sinus;36.75;22.25;water-open;VERIFIED;natural feature|water mass|gulf;
447846c7-a22c-4a1e-b22e-030a78332aa7;Μεσσηνιακόν
κόλπον;char-offset:11120;PLACE;;;;;;UNVERIFIED;;
2ed26d25-205d-4fa3-a42e-440947aa0cca;Ἀκρίτας;char-offset:11152;PLACE;http://pleiades.stoa.org/places/570057;Ak(r)itas Pr.|Akritas Pr./Akitas Pr., Cape Akritas;36.72016;21.8764;cape;VERIFIED;natural feature|promontory;
d2de2545-6e8c-4acd-b11a-ce46bc92d514;Ἀκρίτας ἄκρα;char-offset:11152;PLACE;;;;;;UNVERIFIED;;
e94a6461-50ee-40ae-81be-06bf402c2f46;ἄκρον
Ἰχθὺς;char-offset:11184;PLACE;;;;;;UNVERIFIED;;
fde4c00d-677d-45d8-b63d-7740f01c4316;Ἰχθὺς;char-offset:11190;PLACE;http://pleiades.stoa.org/places/570310;Ichthys Pr.|Ichthys Pr., Akr. Katakolon;37.63163;21.3114;cape;VERIFIED;natural feature|promontory;
116d26c9-b39a-45ff-baad-96d12ccccb54;Ζάκυνθος;char-offset:11211;PLACE;http://pleiades.stoa.org/places/531155;Zacynthus (island)|Zacynthus Ins., Zakynthos;37.77;20.76;island;VERIFIED;natural feature|island;
7909144d-d5e7-45b9-bd89-b503351a50af;Χελωνάτας;char-offset:11234;PLACE;http://pleiades.stoa.org/places/570174;Chelonatas Pr.|Chelonatas Pr., Akr. Kyllinis;37.93748;21.12557;cape;VERIFIED;natural feature|promontory;
2670de5b-6b29-4cbc-8e12-e2f5f8704e08;ἄκρον Ἄραξος;char-offset:11259;PLACE;;;;;;UNVERIFIED;;
a4edeb39-d45d-42f9-a15f-09e31cfe46dd;Ἄραξος;char-offset:11265;PLACE;http://pleiades.stoa.org/places/570101;Araxos Pr.|Araxos Pr., Cape Araxos;38.212;21.377;cape;VERIFIED;natural feature|promontory;
ff686d64-c9bc-4006-8526-b3c3fe054415;Ἀκαρνανίᾳ;char-offset:11285;PLACE;http://pleiades.stoa.org/places/530767;Acarnania;38.6722238;21.318433766666665;unknown;VERIFIED;region;
f98f4d48-3052-4fce-8ccd-4c8224c3c3eb;Κορινθιακὸς;char-offset:11307;PLACE;http://pleiades.stoa.org/places/570181;Corinthiacus Sinus;38.175407050000004;22.395744800000003;water-open;VERIFIED;natural feature|water mass|gulf;
e44e47cb-a998-4992-b679-188bbc058f58;κόλπος;char-offset:11329;PLACE;;;;;;UNVERIFIED;;
792be495-55ce-4bc5-8b02-3bf4a62e08b6;῾Ρίον;char-offset:11376;PLACE;http://pleiades.stoa.org/places/570646;Rhion Pr.|Rhion Pr., Rion;38.3099987;21.7850004;cape;VERIFIED;natural feature|promontory;
4ef52abb-8b02-4402-87d4-b623e9e64936;῾Ρίον
ἄκρον;char-offset:11376;PLACE;;;;;;UNVERIFIED;;
3a3c8a39-aba3-4db4-900c-a41d6d6e5f5a;Πελοποννήσου;char-offset:11399;PLACE;http://pleiades.stoa.org/places/570577;Peloponnesus/Peloponnesos/Peloponnese;37.25289777692308;22.312752688461543;peninsula,region;VERIFIED;natural feature;
da49226b-71b5-4243-b731-7b4e16ba38c7;Ἀντίριον;char-offset:11418;PLACE;http://pleiades.stoa.org/places/540643;Antirrhion Pr.|Antirrhion Pr., Antirrhion;38.327;21.7658;cape;VERIFIED;natural feature|promontory;
a4839684-f4a9-40ec-b090-80de879b8553;Ἀντίριον Λοκρίδος;char-offset:11418;PLACE;http://pleiades.stoa.org/places/540643;Antirrhion Pr.|Antirrhion Pr., Antirrhion;38.327;21.7658;cape;VERIFIED;;
76b02f4f-ce93-41dc-b90f-ca11c224685b;Λοκρίδος;char-offset:11427;PLACE;http://pleiades.stoa.org/places/540919;Locris Ozolia;38.25;21.75;unknown;VERIFIED;region;
fe4bd606-525e-44a2-86d6-9c8921cd8640;Ταινάρου;char-offset:11442;PLACE;http://pleiades.stoa.org/places/570703;Tainaron Pr.|Tainaron Pr., Akr. Tainaron;36.3856534;22.4831905;cape;VERIFIED;natural feature|promontory;
2c19779f-6a42-4e0c-a17d-9855cec2a6b6;Φυκοῦντα;char-offset:11455;PLACE;http://pleiades.stoa.org/places/373873;Phykous Akron|Phykous Akron, Ras Aamer/Ras Sem;32.93952;21.70302;cape;VERIFIED;natural feature|promontory;
d24b65f9-350b-42b1-aaae-04b3f4bf72d7;Λιβύης;char-offset:11464;PLACE;http://pleiades.stoa.org/places/716588;Libya;31.5;26.5;region;VERIFIED;region;
eef29715-eddd-4553-8a83-417e45d0d936;Αἴγινα νῆσος;char-offset:11494;PLACE;;;;;;UNVERIFIED;;
b0f16d04-70a2-4594-8ac3-1d7a32815961;Αἴγινα;char-offset:11494;PLACE;http://pleiades.stoa.org/places/579844;Aigina|Aigina, Aigina|Aegina (island)|Aegina Ins., Aegina;37.750149;23.423668;settlement;VERIFIED;natural feature|island;
72f00cfe-5f46-47e5-9ead-6c523977e4d6;Ἀττικῆς;char-offset:11549;PLACE;http://pleiades.stoa.org/places/579888;Attica;38.051998833333336;23.818991099999998;region;VERIFIED;region;
5b131053-8315-474c-95b6-0b3feccb9cc1;Σαλαμὶς;char-offset:11558;PLACE;http://pleiades.stoa.org/places/580101;Salamis (island)|Salamis Ins., Salamis;37.93;23.51;island;VERIFIED;natural feature|island;
a9b060c3-0ac3-49f7-8abc-7edda6ee9b9a;Κεία;char-offset:11583;PLACE;http://pleiades.stoa.org/places/570348;Keos (island)|Keos Ins., Kea;37.6217;24.35666;island;VERIFIED;natural feature|island;
6ba38fb5-6e94-4ad4-a74d-3ff52812ff6e;Κυκλάδων;char-offset:11599;PLACE;http://pleiades.stoa.org/places/560353;Cyclades Islands;37.03698029599999;25.164844648000003;island,archipelago;VERIFIED;natural feature|island;
c45c2024-5d56-4845-a42c-199dea800c99;Κυκλάδων κρατίστη;char-offset:11599;PLACE;http://pleiades.stoa.org/places/599822;Naxos (island)|Naxos Ins., Naxos;37.127;25.52001;island;VERIFIED;;
2688dba6-6f26-4f46-a58e-583355133a93;Νάξος;char-offset:11625;PLACE;http://pleiades.stoa.org/places/599822;Naxos (island)|Naxos Ins., Naxos;37.127;25.52001;island;VERIFIED;natural feature|island;
1784fe7a-1353-480a-beb1-6d5c0c288c9b;μικρὰ λέγεται Σικελία;char-offset:11636;PLACE;http://pleiades.stoa.org/places/599822;Naxos (island)|Naxos Ins., Naxos;37.127;25.52001;island;VERIFIED;natural feature|island;alternative name for Naxos
50af1ed6-57ea-4ff8-a9b1-600d90bd89dd;Σικελία;char-offset:11650;PLACE;;;;;;NOT_IDENTIFIABLE;;#documentation: in this case it is a name of a located place (Sicily) used to refer to another located place (Naxos). For consistency in the data, I prefer to flag it.
9e929b32-3ece-46ca-978f-f938278e149e;Σποράδες;char-offset:11675;PLACE;http://pleiades.stoa.org/places/599944;Sporades (archipelago);38.59845930000001;25.71077449166667;island,archipelago;VERIFIED;natural feature|island;
eb6ff054-4afd-4696-b176-2e6551b7f4b8;Εὔβοια;char-offset:11690;PLACE;http://pleiades.stoa.org/places/540775;Euboea (island)|Euboea Ins., Euboia;38.53;23.87;island;VERIFIED;natural feature|island;
ac450ed3-8803-4c15-bfb8-6efa859761e5;Βοιωτίαν;char-offset:11714;PLACE;http://pleiades.stoa.org/places/540689;Boeotia;38.34668803333333;23.184677533333332;region;VERIFIED;region;
f73cc5e1-337b-49a3-abfd-48a8c5069b1b;Βοιωτίδα;char-offset:11747;PLACE;http://pleiades.stoa.org/places/540689;Boeotia;38.34668803333333;23.184677533333332;region;VERIFIED;region;
dc392bb3-0b2d-41d6-af15-35f57b23e4b6;Φωκίδα;char-offset:11756;PLACE;http://pleiades.stoa.org/places/541048;Phocis;38.25;22.25;unknown;VERIFIED;region;
1e0c43ab-8476-45ac-8226-a50d622de5c6;Λοκρούς;char-offset:11763;PLACE;http://pleiades.stoa.org/places/540919;Locris Ozolia;38.25;21.75;unknown;VERIFIED;region;
cdb1fc70-2ac5-4dfc-a982-1c06f9dd5a98;Ἀττικῇ;char-offset:11803;PLACE;http://pleiades.stoa.org/places/579888;Attica;38.051998833333336;23.818991099999998;region;VERIFIED;region;
57c37133-e2ad-4d92-8000-d1379dbc3e02;Μάκρις;char-offset:11832;PLACE;http://pleiades.stoa.org/places/540775;Euboea (island)|Euboea Ins., Euboia;38.53;23.87;island;VERIFIED;natural feature|island;
9d91e7a8-343e-4605-95d1-18688563e43a;Κρήτη;char-offset:11875;PLACE;http://pleiades.stoa.org/places/589748;Creta (island);35.21984238526285;24.995769875612147;island;VERIFIED;natural feature|island;
95621453-59f0-4c14-a6a8-0d726c421a41;Μαλέαν;char-offset:11886;PLACE;http://pleiades.stoa.org/places/570455;Malea Pr.|Malea Pr., Akr. Maleas;36.43603;23.19975;cape;VERIFIED;natural feature|promontory;
85cc0d98-f4d2-4653-bd85-751a5353dab7;Πελοποννήσῳ;char-offset:11903;PLACE;http://pleiades.stoa.org/places/570577;Peloponnesus/Peloponnesos/Peloponnese;37.25289777692308;22.312752688461543;peninsula,region;VERIFIED;natural feature;
5e58c327-1c63-4ab7-ad07-8f3bdf63aaf9;Κύθηρα;char-offset:11985;PLACE;http://pleiades.stoa.org/places/570186;Cythera Ins.|Cythera Ins., Kythira;36.26229;22.97822;island;VERIFIED;natural feature|island;
27469517-7d27-40e5-b7dc-a5796c4e67c1;Κρήτης;char-offset:11998;PLACE;http://pleiades.stoa.org/places/589748;Creta (island);35.21984238526285;24.995769875612147;island;VERIFIED;natural feature|island;
9f2087b7-a177-460f-8d51-93c5fca2ac17;Λακωνικῆς;char-offset:12009;PLACE;http://pleiades.stoa.org/places/570406;Lacedaemon/Laconia;37.07624042080912;22.46082645177671;region;VERIFIED;region;
ae35fdf1-c2d7-4bec-9075-00b42e915c65;Κύπρος;char-offset:12020;PLACE;http://pleiades.stoa.org/places/707498;Cyprus (island);35.04136726070336;33.27561106024465;island;VERIFIED;natural feature|island;
7197f240-08f3-46a3-9c9c-2fb33212ab17;Πάφου;char-offset:12093;PLACE;http://pleiades.stoa.org/places/707596;(Palai)Paphos|Palaipaphos/Paphos/Palephatus, Kouklia;34.707147;32.573711;settlement;VERIFIED;settlement;
659c78ca-85c3-43ee-8029-abab4f36247f;Ἀλεξάνδρειαν;char-offset:12103;PLACE;;;;;;NOT_IDENTIFIABLE;settlement;
60ae980a-5b3f-461b-be04-971812111355;Ῥόδου;char-offset:12143;PLACE;http://pleiades.stoa.org/places/590031;Rhodos (island)|Rhodos Ins., Rhodos;36.195597;27.964125;island;VERIFIED;natural feature|island;
856466a6-3913-4a99-a608-49888b2fba1a;Κῶ;char-offset:12172;PLACE;http://pleiades.stoa.org/places/599581;Kos/Cos (island)|Kos/Cos, Kos;36.844;27.17;island;VERIFIED;natural feature|island;
1f829f78-7e0a-401d-97a2-e30db02c8c84;Σάμος;char-offset:12197;PLACE;http://pleiades.stoa.org/places/599926;Samos (island)|Samos Ins., Samos;37.73;26.84;island;VERIFIED;natural feature|island;
dccb384f-a172-4f0c-bfe3-f313e6fec994;Ἰκαρία;char-offset:12216;PLACE;http://pleiades.stoa.org/places/599667;Ikaros (island);37.6305806;26.0732143;island;VERIFIED;natural feature|island;
2b7aab9c-2cb6-4119-b439-74df7b0652d9;Χίου;char-offset:12263;PLACE;http://pleiades.stoa.org/places/550497;Chios (island)|Chios Ins., Chios;38.414;26.053;island;VERIFIED;natural feature|island;
0130273a-c34f-45a5-8ff7-96a52629eb07;Λέσβου;char-offset:12290;PLACE;http://pleiades.stoa.org/places/550696;Lesbos (island)|Lesbos Ins., Lesbos;39.20874;26.10052;island;VERIFIED;natural feature|island;
